{
  "n_folds": 5,
  "seed": 42,
  "n_instances": 1251,
  "models": {
    "RF_handcrafted": {
      "X_shape": [
        1251,
        36
      ],
      "OOF_path": "logs\\kfold_oof_window14\\RF_handcrafted_at_oof_predictions.jsonl",
      "per_fold_MR_at": [
        0.5740513833992095,
        0.6375183194919395,
        0.5304677206851119,
        0.5820707070707071,
        0.5987593324549846
      ],
      "OOF_pooled_MR_at": 0.5844145387623648
    },
    "C4_mask_e1e2_temp": {
      "X_shape": [
        1251,
        2319
      ],
      "OOF_path": "logs\\kfold_oof_window14\\C4_mask_e1e2_temp_at_oof_predictions.jsonl",
      "per_fold_MR_at": [
        0.5710386473429953,
        0.599115236389296,
        0.5691150636802811,
        0.5387022397891963,
        0.5878897672375932
      ],
      "OOF_pooled_MR_at": 0.573136645962733
    }
  }
}