{
  "experiment_id": "rules_PAB_70b_at",
  "timestamp": "2026-04-30T21:39:03.826318+00:00",
  "n_instances": 188,
  "scores": {
    "global_score": 0.6380654384601753,
    "macro_recall_at": 0.4712185962185962,
    "macro_recall_isAt": 0.8049122807017544,
    "at_details": {
      "recall_TRUE": 0.8484848484848485,
      "recall_PROBABLE": 0.05555555555555555,
      "recall_FALSE": 0.5096153846153846,
      "macro_recall": 0.4712185962185962
    },
    "isAt_details": {
      "recall_TRUE": 0.7631578947368421,
      "recall_FALSE": 0.8466666666666667,
      "macro_recall": 0.8049122807017544
    }
  },
  "at_classification_report": {
    "TRUE": {
      "precision": 0.5490196078431373,
      "recall": 0.8484848484848485,
      "f1-score": 0.6666666666666667,
      "support": 66
    },
    "PROBABLE": {
      "precision": 0.038461538461538464,
      "recall": 0.05555555555555555,
      "f1-score": 0.04545454545454546,
      "support": 18
    },
    "FALSE": {
      "precision": 0.8833333333333333,
      "recall": 0.5096153846153846,
      "f1-score": 0.6463414634146342,
      "support": 104
    },
    "macro avg": {
      "precision": 0.4902714932126697,
      "recall": 0.4712185962185962,
      "f1-score": 0.45282089184528207,
      "support": 188
    },
    "weighted avg": {
      "precision": 0.6850758961522416,
      "recall": 0.5851063829787234,
      "f1-score": 0.5959451809218286,
      "support": 188
    }
  },
  "isAt_classification_report": {
    "TRUE": {
      "precision": 0.5576923076923077,
      "recall": 0.7631578947368421,
      "f1-score": 0.6444444444444444,
      "support": 38
    },
    "FALSE": {
      "precision": 0.9338235294117647,
      "recall": 0.8466666666666667,
      "f1-score": 0.8881118881118881,
      "support": 150
    },
    "macro avg": {
      "precision": 0.7457579185520362,
      "recall": 0.8049122807017544,
      "f1-score": 0.7662781662781663,
      "support": 188
    },
    "weighted avg": {
      "precision": 0.8577970058727254,
      "recall": 0.8297872340425532,
      "f1-score": 0.8388599580088942,
      "support": 188
    }
  },
  "at_confusion_matrix": [
    [
      56,
      4,
      6
    ],
    [
      16,
      1,
      1
    ],
    [
      30,
      21,
      53
    ]
  ],
  "isAt_confusion_matrix": [
    [
      29,
      9
    ],
    [
      23,
      127
    ]
  ],
  "at_labels": [
    "TRUE",
    "PROBABLE",
    "FALSE"
  ],
  "isAt_labels": [
    "TRUE",
    "FALSE"
  ],
  "metadata": {
    "n_instances": 188,
    "total_time_seconds": 262.8688621997135,
    "avg_latency_ms": 1398.23862872188,
    "predictor_config": {
      "variant": "AB",
      "provider": "openrouter",
      "model": "meta-llama/llama-3.3-70b-instruct",
      "temperature": 0.0,
      "max_tokens": 512,
      "text_field": "text",
      "include_wikidata": false,
      "include_temporal": false,
      "k_retrieved": 0,
      "retriever_dir": null,
      "retriever_prefer_language": "auto",
      "diversify_retrieved_labels": false,
      "zero_shot": true
    },
    "data_split": {
      "task": "at",
      "n_test": 188,
      "limit": null
    },
    "predictor_stats": {
      "n_calls": 188,
      "parse_ok": 179,
      "parse_partial": 9,
      "parse_fail": 0,
      "prompt_tokens": 596159,
      "completion_tokens": 4052,
      "model": "meta-llama/llama-3.3-70b-instruct",
      "provider": "openrouter",
      "fallback_provider": "deepinfra",
      "n_fallback_calls": 0,
      "variant": "AB",
      "k_retrieved": 0,
      "avg_retrieved_per_call": 0.0,
      "n_samples": 1,
      "sample_temperature": 0.7
    }
  }
}