{
  "experiment_id": "sc3_PAB_70b_at",
  "timestamp": "2026-04-30T21:45:34.777696+00:00",
  "n_instances": 188,
  "scores": {
    "global_score": 0.6383739895582001,
    "macro_recall_at": 0.512011137011137,
    "macro_recall_isAt": 0.7647368421052632,
    "at_details": {
      "recall_TRUE": 0.8939393939393939,
      "recall_PROBABLE": 0.05555555555555555,
      "recall_FALSE": 0.5865384615384616,
      "macro_recall": 0.512011137011137
    },
    "isAt_details": {
      "recall_TRUE": 0.7894736842105263,
      "recall_FALSE": 0.74,
      "macro_recall": 0.7647368421052632
    }
  },
  "at_classification_report": {
    "TRUE": {
      "precision": 0.5728155339805825,
      "recall": 0.8939393939393939,
      "f1-score": 0.6982248520710059,
      "support": 66
    },
    "PROBABLE": {
      "precision": 0.058823529411764705,
      "recall": 0.05555555555555555,
      "f1-score": 0.05714285714285714,
      "support": 18
    },
    "FALSE": {
      "precision": 0.8970588235294118,
      "recall": 0.5865384615384616,
      "f1-score": 0.7093023255813954,
      "support": 104
    },
    "macro avg": {
      "precision": 0.5095659623072529,
      "recall": 0.512011137011137,
      "f1-score": 0.48822334493175285,
      "support": 188
    },
    "weighted avg": {
      "precision": 0.702972161804197,
      "recall": 0.6436170212765957,
      "f1-score": 0.6429726251368242,
      "support": 188
    }
  },
  "isAt_classification_report": {
    "TRUE": {
      "precision": 0.43478260869565216,
      "recall": 0.7894736842105263,
      "f1-score": 0.5607476635514019,
      "support": 38
    },
    "FALSE": {
      "precision": 0.9327731092436975,
      "recall": 0.74,
      "f1-score": 0.8252788104089219,
      "support": 150
    },
    "macro avg": {
      "precision": 0.6837778589696748,
      "recall": 0.7647368421052632,
      "f1-score": 0.6930132369801619,
      "support": 188
    },
    "weighted avg": {
      "precision": 0.8321154548776033,
      "recall": 0.75,
      "f1-score": 0.7718097488100615,
      "support": 188
    }
  },
  "at_confusion_matrix": [
    [
      59,
      2,
      5
    ],
    [
      15,
      1,
      2
    ],
    [
      29,
      14,
      61
    ]
  ],
  "isAt_confusion_matrix": [
    [
      30,
      8
    ],
    [
      39,
      111
    ]
  ],
  "at_labels": [
    "TRUE",
    "PROBABLE",
    "FALSE"
  ],
  "isAt_labels": [
    "TRUE",
    "FALSE"
  ],
  "metadata": {
    "n_instances": 188,
    "total_time_seconds": 655.7505243009655,
    "avg_latency_ms": 3488.0347037285396,
    "predictor_config": {
      "variant": "AB",
      "provider": "openrouter",
      "model": "meta-llama/llama-3.3-70b-instruct",
      "temperature": 0.0,
      "max_tokens": 512,
      "text_field": "text",
      "include_wikidata": false,
      "include_temporal": false,
      "k_retrieved": 0,
      "retriever_dir": null,
      "retriever_prefer_language": "auto",
      "diversify_retrieved_labels": false,
      "zero_shot": true
    },
    "data_split": {
      "task": "at",
      "n_test": 188,
      "limit": null
    },
    "predictor_stats": {
      "n_calls": 564,
      "parse_ok": 540,
      "parse_partial": 24,
      "parse_fail": 0,
      "prompt_tokens": 997585,
      "completion_tokens": 12300,
      "model": "meta-llama/llama-3.3-70b-instruct",
      "provider": "openrouter",
      "fallback_provider": "deepinfra",
      "n_fallback_calls": 0,
      "variant": "AB",
      "k_retrieved": 0,
      "avg_retrieved_per_call": 0.0,
      "n_samples": 3,
      "sample_temperature": 0.7
    }
  }
}