{
  "experiment_id": "T1.1_llm_zeroshot_PB_v2_fixed_prompt",
  "timestamp": "2026-04-30T06:00:45.726504+00:00",
  "n_instances": 188,
  "scores": {
    "global_score": 0.466578947368421,
    "macro_recall_at": 0.3333333333333333,
    "macro_recall_isAt": 0.5998245614035087,
    "at_details": {
      "recall_TRUE": 0.0,
      "recall_PROBABLE": 0.0,
      "recall_FALSE": 1.0,
      "macro_recall": 0.3333333333333333
    },
    "isAt_details": {
      "recall_TRUE": 0.5263157894736842,
      "recall_FALSE": 0.6733333333333333,
      "macro_recall": 0.5998245614035087
    }
  },
  "at_classification_report": {
    "TRUE": {
      "precision": 0.0,
      "recall": 0.0,
      "f1-score": 0.0,
      "support": 66
    },
    "PROBABLE": {
      "precision": 0.0,
      "recall": 0.0,
      "f1-score": 0.0,
      "support": 18
    },
    "FALSE": {
      "precision": 0.5531914893617021,
      "recall": 1.0,
      "f1-score": 0.7123287671232876,
      "support": 104
    },
    "macro avg": {
      "precision": 0.1843971631205674,
      "recall": 0.3333333333333333,
      "f1-score": 0.2374429223744292,
      "support": 188
    },
    "weighted avg": {
      "precision": 0.3060208239022182,
      "recall": 0.5531914893617021,
      "f1-score": 0.39405421160011656,
      "support": 188
    }
  },
  "isAt_classification_report": {
    "TRUE": {
      "precision": 0.2898550724637681,
      "recall": 0.5263157894736842,
      "f1-score": 0.37383177570093457,
      "support": 38
    },
    "FALSE": {
      "precision": 0.8487394957983193,
      "recall": 0.6733333333333333,
      "f1-score": 0.7509293680297398,
      "support": 150
    },
    "macro avg": {
      "precision": 0.5692972841310437,
      "recall": 0.5998245614035087,
      "f1-score": 0.5623805718653372,
      "support": 188
    },
    "weighted avg": {
      "precision": 0.7357734953370803,
      "recall": 0.6436170212765957,
      "f1-score": 0.6747075142611515,
      "support": 188
    }
  },
  "at_confusion_matrix": [
    [
      0,
      0,
      66
    ],
    [
      0,
      0,
      18
    ],
    [
      0,
      0,
      104
    ]
  ],
  "isAt_confusion_matrix": [
    [
      20,
      18
    ],
    [
      49,
      101
    ]
  ],
  "at_labels": [
    "TRUE",
    "PROBABLE",
    "FALSE"
  ],
  "isAt_labels": [
    "TRUE",
    "FALSE"
  ],
  "metadata": {
    "n_instances": 188,
    "total_time_seconds": 89.53818170097657,
    "avg_latency_ms": 476.2669239413647,
    "predictor_config": {
      "variant": "B",
      "provider": "deepinfra",
      "model": "meta-llama/Meta-Llama-3.1-8B-Instruct",
      "temperature": 0.0,
      "max_tokens": 256,
      "text_field": "text",
      "include_wikidata": false,
      "include_temporal": false,
      "zero_shot": true
    },
    "data_split": {
      "task": "at",
      "n_test": 188,
      "limit": null
    },
    "predictor_stats": {
      "n_calls": 188,
      "parse_ok": 188,
      "parse_partial": 0,
      "parse_fail": 0,
      "prompt_tokens": 392047,
      "completion_tokens": 1504,
      "model": "meta-llama/Meta-Llama-3.1-8B-Instruct",
      "provider": "deepinfra",
      "variant": "B"
    }
  }
}