{
  "experiment_id": "T1.1_llm_zeroshot_PR_deepinfra_Meta-Llama-31-8B-Instruct_at-test",
  "timestamp": "2026-04-30T05:49:37.844023+00:00",
  "n_instances": 188,
  "scores": {
    "global_score": 0.5374752927384506,
    "macro_recall_at": 0.4538979538979539,
    "macro_recall_isAt": 0.6210526315789474,
    "at_details": {
      "recall_TRUE": 0.5454545454545454,
      "recall_PROBABLE": 0.7777777777777778,
      "recall_FALSE": 0.038461538461538464,
      "macro_recall": 0.4538979538979539
    },
    "isAt_details": {
      "recall_TRUE": 0.34210526315789475,
      "recall_FALSE": 0.9,
      "macro_recall": 0.6210526315789474
    }
  },
  "at_classification_report": {
    "TRUE": {
      "precision": 0.6101694915254238,
      "recall": 0.5454545454545454,
      "f1-score": 0.576,
      "support": 66
    },
    "PROBABLE": {
      "precision": 0.112,
      "recall": 0.7777777777777778,
      "f1-score": 0.1958041958041958,
      "support": 18
    },
    "FALSE": {
      "precision": 1.0,
      "recall": 0.038461538461538464,
      "f1-score": 0.07407407407407407,
      "support": 104
    },
    "macro avg": {
      "precision": 0.5740564971751413,
      "recall": 0.4538979538979539,
      "f1-score": 0.28195942329275664,
      "support": 188
    },
    "weighted avg": {
      "precision": 0.7781233321312658,
      "recall": 0.2872340425531915,
      "f1-score": 0.26193712355414484,
      "support": 188
    }
  },
  "isAt_classification_report": {
    "TRUE": {
      "precision": 0.4642857142857143,
      "recall": 0.34210526315789475,
      "f1-score": 0.3939393939393939,
      "support": 38
    },
    "FALSE": {
      "precision": 0.84375,
      "recall": 0.9,
      "f1-score": 0.870967741935484,
      "support": 150
    },
    "macro avg": {
      "precision": 0.6540178571428572,
      "recall": 0.6210526315789474,
      "f1-score": 0.632453567937439,
      "support": 188
    },
    "weighted avg": {
      "precision": 0.7670497720364742,
      "recall": 0.7872340425531915,
      "f1-score": 0.7745471184043594,
      "support": 188
    }
  },
  "at_confusion_matrix": [
    [
      36,
      30,
      0
    ],
    [
      4,
      14,
      0
    ],
    [
      19,
      81,
      4
    ]
  ],
  "isAt_confusion_matrix": [
    [
      13,
      25
    ],
    [
      15,
      135
    ]
  ],
  "at_labels": [
    "TRUE",
    "PROBABLE",
    "FALSE"
  ],
  "isAt_labels": [
    "TRUE",
    "FALSE"
  ],
  "metadata": {
    "n_instances": 188,
    "total_time_seconds": 680.3037520003854,
    "avg_latency_ms": 3618.6369787254544,
    "predictor_config": {
      "variant": "R",
      "provider": "deepinfra",
      "model": "meta-llama/Meta-Llama-3.1-8B-Instruct",
      "temperature": 0.0,
      "max_tokens": 512,
      "text_field": "text",
      "include_wikidata": false,
      "include_temporal": false,
      "zero_shot": true
    },
    "data_split": {
      "task": "at",
      "n_test": 188,
      "limit": null
    },
    "predictor_stats": {
      "n_calls": 188,
      "parse_ok": 188,
      "parse_partial": 0,
      "parse_fail": 0,
      "prompt_tokens": 322487,
      "completion_tokens": 42095,
      "model": "meta-llama/Meta-Llama-3.1-8B-Instruct",
      "provider": "deepinfra",
      "variant": "R"
    }
  }
}