{
  "experiment_id": "T1.1_llm_zeroshot_PB_deepinfra_Meta-Llama-31-8B-Instruct_at-test_reparsed",
  "timestamp": "2026-04-30T05:58:34.754540+00:00",
  "n_instances": 188,
  "scores": {
    "global_score": 0.4776315789473684,
    "macro_recall_at": 0.3333333333333333,
    "macro_recall_isAt": 0.6219298245614036,
    "at_details": {
      "recall_TRUE": 0.0,
      "recall_PROBABLE": 0.0,
      "recall_FALSE": 1.0,
      "macro_recall": 0.3333333333333333
    },
    "isAt_details": {
      "recall_TRUE": 0.7105263157894737,
      "recall_FALSE": 0.5333333333333333,
      "macro_recall": 0.6219298245614036
    }
  },
  "at_classification_report": {
    "TRUE": {
      "precision": 0.0,
      "recall": 0.0,
      "f1-score": 0.0,
      "support": 66
    },
    "PROBABLE": {
      "precision": 0.0,
      "recall": 0.0,
      "f1-score": 0.0,
      "support": 18
    },
    "FALSE": {
      "precision": 0.5531914893617021,
      "recall": 1.0,
      "f1-score": 0.7123287671232876,
      "support": 104
    },
    "macro avg": {
      "precision": 0.1843971631205674,
      "recall": 0.3333333333333333,
      "f1-score": 0.2374429223744292,
      "support": 188
    },
    "weighted avg": {
      "precision": 0.3060208239022182,
      "recall": 0.5531914893617021,
      "f1-score": 0.39405421160011656,
      "support": 188
    }
  },
  "isAt_classification_report": {
    "TRUE": {
      "precision": 0.27835051546391754,
      "recall": 0.7105263157894737,
      "f1-score": 0.39999999999999997,
      "support": 38
    },
    "FALSE": {
      "precision": 0.8791208791208791,
      "recall": 0.5333333333333333,
      "f1-score": 0.6639004149377594,
      "support": 150
    },
    "macro avg": {
      "precision": 0.5787356972923983,
      "recall": 0.6219298245614036,
      "f1-score": 0.5319502074688797,
      "support": 188
    },
    "weighted avg": {
      "precision": 0.7576885715731954,
      "recall": 0.5691489361702128,
      "f1-score": 0.6105588417056591,
      "support": 188
    }
  },
  "at_confusion_matrix": [
    [
      0,
      0,
      66
    ],
    [
      0,
      0,
      18
    ],
    [
      0,
      0,
      104
    ]
  ],
  "isAt_confusion_matrix": [
    [
      27,
      11
    ],
    [
      70,
      80
    ]
  ],
  "at_labels": [
    "TRUE",
    "PROBABLE",
    "FALSE"
  ],
  "isAt_labels": [
    "TRUE",
    "FALSE"
  ],
  "metadata": {
    "reparse_statuses": {
      "partial": 116,
      "fail": 72
    },
    "source": "logs\\ablations\\T1.1_llm_zeroshot_PB_deepinfra_Meta-Llama-31-8B-Instruct_at-test_predictions.jsonl",
    "variant": "B"
  }
}