{
  "experiment_id": "T1.1_llm_zeroshot_PB_deepinfra_Meta-Llama-31-8B-Instruct_at-test",
  "timestamp": "2026-04-30T05:36:19.915324+00:00",
  "n_instances": 188,
  "scores": {
    "global_score": 0.4196491228070175,
    "macro_recall_at": 0.3333333333333333,
    "macro_recall_isAt": 0.5059649122807017,
    "at_details": {
      "recall_TRUE": 0.0,
      "recall_PROBABLE": 0.0,
      "recall_FALSE": 1.0,
      "macro_recall": 0.3333333333333333
    },
    "isAt_details": {
      "recall_TRUE": 0.10526315789473684,
      "recall_FALSE": 0.9066666666666666,
      "macro_recall": 0.5059649122807017
    }
  },
  "at_classification_report": {
    "TRUE": {
      "precision": 0.0,
      "recall": 0.0,
      "f1-score": 0.0,
      "support": 66
    },
    "PROBABLE": {
      "precision": 0.0,
      "recall": 0.0,
      "f1-score": 0.0,
      "support": 18
    },
    "FALSE": {
      "precision": 0.5531914893617021,
      "recall": 1.0,
      "f1-score": 0.7123287671232876,
      "support": 104
    },
    "macro avg": {
      "precision": 0.1843971631205674,
      "recall": 0.3333333333333333,
      "f1-score": 0.2374429223744292,
      "support": 188
    },
    "weighted avg": {
      "precision": 0.3060208239022182,
      "recall": 0.5531914893617021,
      "f1-score": 0.39405421160011656,
      "support": 188
    }
  },
  "isAt_classification_report": {
    "TRUE": {
      "precision": 0.2222222222222222,
      "recall": 0.10526315789473684,
      "f1-score": 0.14285714285714285,
      "support": 38
    },
    "FALSE": {
      "precision": 0.8,
      "recall": 0.9066666666666666,
      "f1-score": 0.8500000000000001,
      "support": 150
    },
    "macro avg": {
      "precision": 0.5111111111111111,
      "recall": 0.5059649122807017,
      "f1-score": 0.49642857142857144,
      "support": 188
    },
    "weighted avg": {
      "precision": 0.6832151300236408,
      "recall": 0.7446808510638298,
      "f1-score": 0.7070668693009119,
      "support": 188
    }
  },
  "at_confusion_matrix": [
    [
      0,
      0,
      66
    ],
    [
      0,
      0,
      18
    ],
    [
      0,
      0,
      104
    ]
  ],
  "isAt_confusion_matrix": [
    [
      4,
      34
    ],
    [
      14,
      136
    ]
  ],
  "at_labels": [
    "TRUE",
    "PROBABLE",
    "FALSE"
  ],
  "isAt_labels": [
    "TRUE",
    "FALSE"
  ],
  "metadata": {
    "n_instances": 188,
    "total_time_seconds": 363.17235230014194,
    "avg_latency_ms": 1931.7678313837337,
    "predictor_config": {
      "variant": "B",
      "provider": "deepinfra",
      "model": "meta-llama/Meta-Llama-3.1-8B-Instruct",
      "temperature": 0.0,
      "max_tokens": 512,
      "text_field": "text",
      "include_wikidata": false,
      "include_temporal": false,
      "zero_shot": true
    },
    "data_split": {
      "task": "at",
      "n_test": 188,
      "limit": null
    },
    "predictor_stats": {
      "n_calls": 188,
      "parse_ok": 0,
      "parse_partial": 21,
      "parse_fail": 167,
      "prompt_tokens": 382271,
      "completion_tokens": 18505,
      "model": "meta-llama/Meta-Llama-3.1-8B-Instruct",
      "provider": "deepinfra",
      "variant": "B"
    }
  }
}