{
  "experiment_id": "T1.4or5_mask_grid_mask_dbmdz_bert_base_historic_multilingual_cased_M2_L-1_-4_-7_spec10_concat_l_t_at_at-test",
  "timestamp": "2026-04-30T22:51:46.933316+00:00",
  "n_instances": 188,
  "scores": {
    "global_score": 0.551929551929552,
    "macro_recall_at": 0.6038591038591038,
    "macro_recall_isAt": 0.5,
    "at_details": {
      "recall_TRUE": 0.6363636363636364,
      "recall_PROBABLE": 0.4444444444444444,
      "recall_FALSE": 0.7307692307692307,
      "macro_recall": 0.6038591038591038
    },
    "isAt_details": {
      "recall_TRUE": 0.0,
      "recall_FALSE": 1.0,
      "macro_recall": 0.5
    }
  },
  "at_classification_report": {
    "TRUE": {
      "precision": 0.6268656716417911,
      "recall": 0.6363636363636364,
      "f1-score": 0.6315789473684211,
      "support": 66
    },
    "PROBABLE": {
      "precision": 0.4444444444444444,
      "recall": 0.4444444444444444,
      "f1-score": 0.4444444444444444,
      "support": 18
    },
    "FALSE": {
      "precision": 0.7378640776699029,
      "recall": 0.7307692307692307,
      "f1-score": 0.7342995169082126,
      "support": 104
    },
    "macro avg": {
      "precision": 0.6030580645853795,
      "recall": 0.6038591038591039,
      "f1-score": 0.6034409695736928,
      "support": 188
    },
    "weighted avg": {
      "precision": 0.6708031830107878,
      "recall": 0.6702127659574468,
      "f1-score": 0.6704859589615421,
      "support": 188
    }
  },
  "isAt_classification_report": {
    "TRUE": {
      "precision": 0.0,
      "recall": 0.0,
      "f1-score": 0.0,
      "support": 38
    },
    "FALSE": {
      "precision": 0.7978723404255319,
      "recall": 1.0,
      "f1-score": 0.8875739644970414,
      "support": 150
    },
    "macro avg": {
      "precision": 0.39893617021276595,
      "recall": 0.5,
      "f1-score": 0.4437869822485207,
      "support": 188
    },
    "weighted avg": {
      "precision": 0.6366002716161159,
      "recall": 0.7978723404255319,
      "f1-score": 0.7081707163540224,
      "support": 188
    }
  },
  "at_confusion_matrix": [
    [
      42,
      5,
      19
    ],
    [
      2,
      8,
      8
    ],
    [
      23,
      5,
      76
    ]
  ],
  "isAt_confusion_matrix": [
    [
      0,
      38
    ],
    [
      0,
      150
    ]
  ],
  "at_labels": [
    "TRUE",
    "PROBABLE",
    "FALSE"
  ],
  "isAt_labels": [
    "TRUE",
    "FALSE"
  ],
  "metadata": {
    "cache": "mask_dbmdz_bert_base_historic_multilingual_cased_M2_L-1_-4_-7_spec10.npz",
    "model": "dbmdz/bert-base-historic-multilingual-cased",
    "template": "M2",
    "field": "context",
    "layers": [
      -1,
      -4,
      -7
    ],
    "feature_set": "concat_l_t",
    "n_train": 1063,
    "n_test": 188,
    "input_dim": 3855,
    "target": "at"
  }
}