{
  "experiment_id": "T1.4or5_mask_grid_mask_xlm_roberta_base_M2_L-1_-4_-7_spec10_mask_at_at-test",
  "timestamp": "2026-04-30T23:01:01.338034+00:00",
  "n_instances": 188,
  "scores": {
    "global_score": 0.5273569023569024,
    "macro_recall_at": 0.5547138047138047,
    "macro_recall_isAt": 0.5,
    "at_details": {
      "recall_TRUE": 0.6363636363636364,
      "recall_PROBABLE": 0.2777777777777778,
      "recall_FALSE": 0.75,
      "macro_recall": 0.5547138047138047
    },
    "isAt_details": {
      "recall_TRUE": 0.0,
      "recall_FALSE": 1.0,
      "macro_recall": 0.5
    }
  },
  "at_classification_report": {
    "TRUE": {
      "precision": 0.6461538461538462,
      "recall": 0.6363636363636364,
      "f1-score": 0.6412213740458016,
      "support": 66
    },
    "PROBABLE": {
      "precision": 0.2,
      "recall": 0.2777777777777778,
      "f1-score": 0.23255813953488372,
      "support": 18
    },
    "FALSE": {
      "precision": 0.7959183673469388,
      "recall": 0.75,
      "f1-score": 0.7722772277227722,
      "support": 104
    },
    "macro avg": {
      "precision": 0.5473574045002617,
      "recall": 0.5547138047138047,
      "f1-score": 0.5486855804344858,
      "support": 188
    },
    "weighted avg": {
      "precision": 0.6862854470757206,
      "recall": 0.6648936170212766,
      "f1-score": 0.674593025967123,
      "support": 188
    }
  },
  "isAt_classification_report": {
    "TRUE": {
      "precision": 0.0,
      "recall": 0.0,
      "f1-score": 0.0,
      "support": 38
    },
    "FALSE": {
      "precision": 0.7978723404255319,
      "recall": 1.0,
      "f1-score": 0.8875739644970414,
      "support": 150
    },
    "macro avg": {
      "precision": 0.39893617021276595,
      "recall": 0.5,
      "f1-score": 0.4437869822485207,
      "support": 188
    },
    "weighted avg": {
      "precision": 0.6366002716161159,
      "recall": 0.7978723404255319,
      "f1-score": 0.7081707163540224,
      "support": 188
    }
  },
  "at_confusion_matrix": [
    [
      42,
      12,
      12
    ],
    [
      5,
      5,
      8
    ],
    [
      18,
      8,
      78
    ]
  ],
  "isAt_confusion_matrix": [
    [
      0,
      38
    ],
    [
      0,
      150
    ]
  ],
  "at_labels": [
    "TRUE",
    "PROBABLE",
    "FALSE"
  ],
  "isAt_labels": [
    "TRUE",
    "FALSE"
  ],
  "metadata": {
    "cache": "mask_xlm_roberta_base_M2_L-1_-4_-7_spec10.npz",
    "model": "xlm-roberta-base",
    "template": "M2",
    "field": "context",
    "layers": [
      -1,
      -4,
      -7
    ],
    "feature_set": "mask",
    "n_train": 1063,
    "n_test": 188,
    "input_dim": 768,
    "target": "at"
  }
}