{
  "experiment_id": "T1.4or5_mask_grid_mask_dbmdz_bert_base_historic_multilingual_cased_M5_L-1_-4_-7_spec10_spectral_at_at-test",
  "timestamp": "2026-04-30T22:59:08.811946+00:00",
  "n_instances": 188,
  "scores": {
    "global_score": 0.4713319088319088,
    "macro_recall_at": 0.4426638176638176,
    "macro_recall_isAt": 0.5,
    "at_details": {
      "recall_TRUE": 0.5,
      "recall_PROBABLE": 0.7222222222222222,
      "recall_FALSE": 0.10576923076923077,
      "macro_recall": 0.4426638176638176
    },
    "isAt_details": {
      "recall_TRUE": 0.0,
      "recall_FALSE": 1.0,
      "macro_recall": 0.5
    }
  },
  "at_classification_report": {
    "TRUE": {
      "precision": 0.4230769230769231,
      "recall": 0.5,
      "f1-score": 0.4583333333333333,
      "support": 66
    },
    "PROBABLE": {
      "precision": 0.14285714285714285,
      "recall": 0.7222222222222222,
      "f1-score": 0.2385321100917431,
      "support": 18
    },
    "FALSE": {
      "precision": 0.5789473684210527,
      "recall": 0.10576923076923077,
      "f1-score": 0.17886178861788618,
      "support": 104
    },
    "macro avg": {
      "precision": 0.3816271447850395,
      "recall": 0.44266381766381774,
      "f1-score": 0.2919090773476542,
      "support": 188
    },
    "weighted avg": {
      "precision": 0.4824735734590158,
      "recall": 0.30319148936170215,
      "f1-score": 0.28268725530804006,
      "support": 188
    }
  },
  "isAt_classification_report": {
    "TRUE": {
      "precision": 0.0,
      "recall": 0.0,
      "f1-score": 0.0,
      "support": 38
    },
    "FALSE": {
      "precision": 0.7978723404255319,
      "recall": 1.0,
      "f1-score": 0.8875739644970414,
      "support": 150
    },
    "macro avg": {
      "precision": 0.39893617021276595,
      "recall": 0.5,
      "f1-score": 0.4437869822485207,
      "support": 188
    },
    "weighted avg": {
      "precision": 0.6366002716161159,
      "recall": 0.7978723404255319,
      "f1-score": 0.7081707163540224,
      "support": 188
    }
  },
  "at_confusion_matrix": [
    [
      33,
      26,
      7
    ],
    [
      4,
      13,
      1
    ],
    [
      41,
      52,
      11
    ]
  ],
  "isAt_confusion_matrix": [
    [
      0,
      38
    ],
    [
      0,
      150
    ]
  ],
  "at_labels": [
    "TRUE",
    "PROBABLE",
    "FALSE"
  ],
  "isAt_labels": [
    "TRUE",
    "FALSE"
  ],
  "metadata": {
    "cache": "mask_dbmdz_bert_base_historic_multilingual_cased_M5_L-1_-4_-7_spec10.npz",
    "model": "dbmdz/bert-base-historic-multilingual-cased",
    "template": "M5",
    "field": "context",
    "layers": [
      -1,
      -4,
      -7
    ],
    "feature_set": "spectral",
    "n_train": 1063,
    "n_test": 188,
    "input_dim": 10,
    "target": "at"
  }
}