{
  "experiment_id": "T1.4or5_mask_grid_mask_dbmdz_bert_base_historic_multilingual_cased_M1_L-1_-4_-7_spec10_mask_layers_at_at-test",
  "timestamp": "2026-04-30T22:48:39.872110+00:00",
  "n_instances": 188,
  "scores": {
    "global_score": 0.485512173012173,
    "macro_recall_at": 0.471024346024346,
    "macro_recall_isAt": 0.5,
    "at_details": {
      "recall_TRUE": 0.4696969696969697,
      "recall_PROBABLE": 0.2222222222222222,
      "recall_FALSE": 0.7211538461538461,
      "macro_recall": 0.471024346024346
    },
    "isAt_details": {
      "recall_TRUE": 0.0,
      "recall_FALSE": 1.0,
      "macro_recall": 0.5
    }
  },
  "at_classification_report": {
    "TRUE": {
      "precision": 0.5081967213114754,
      "recall": 0.4696969696969697,
      "f1-score": 0.4881889763779528,
      "support": 66
    },
    "PROBABLE": {
      "precision": 0.23529411764705882,
      "recall": 0.2222222222222222,
      "f1-score": 0.22857142857142856,
      "support": 18
    },
    "FALSE": {
      "precision": 0.6818181818181818,
      "recall": 0.7211538461538461,
      "f1-score": 0.7009345794392523,
      "support": 104
    },
    "macro avg": {
      "precision": 0.47510300692557195,
      "recall": 0.471024346024346,
      "f1-score": 0.4725649947962112,
      "support": 188
    },
    "weighted avg": {
      "precision": 0.5781136629430603,
      "recall": 0.5851063829787234,
      "f1-score": 0.581021034132515,
      "support": 188
    }
  },
  "isAt_classification_report": {
    "TRUE": {
      "precision": 0.0,
      "recall": 0.0,
      "f1-score": 0.0,
      "support": 38
    },
    "FALSE": {
      "precision": 0.7978723404255319,
      "recall": 1.0,
      "f1-score": 0.8875739644970414,
      "support": 150
    },
    "macro avg": {
      "precision": 0.39893617021276595,
      "recall": 0.5,
      "f1-score": 0.4437869822485207,
      "support": 188
    },
    "weighted avg": {
      "precision": 0.6366002716161159,
      "recall": 0.7978723404255319,
      "f1-score": 0.7081707163540224,
      "support": 188
    }
  },
  "at_confusion_matrix": [
    [
      31,
      5,
      30
    ],
    [
      9,
      4,
      5
    ],
    [
      21,
      8,
      75
    ]
  ],
  "isAt_confusion_matrix": [
    [
      0,
      38
    ],
    [
      0,
      150
    ]
  ],
  "at_labels": [
    "TRUE",
    "PROBABLE",
    "FALSE"
  ],
  "isAt_labels": [
    "TRUE",
    "FALSE"
  ],
  "metadata": {
    "cache": "mask_dbmdz_bert_base_historic_multilingual_cased_M1_L-1_-4_-7_spec10.npz",
    "model": "dbmdz/bert-base-historic-multilingual-cased",
    "template": "M1",
    "field": "context",
    "layers": [
      -1,
      -4,
      -7
    ],
    "feature_set": "mask_layers",
    "n_train": 1063,
    "n_test": 188,
    "input_dim": 2304,
    "target": "at"
  }
}