{
  "experiment_id": "T1.4or5_mask_grid_mask_xlm_roberta_base_M2_L-1_-4_-7_spec10_spectral_isAt_at-test",
  "timestamp": "2026-04-30T23:02:16.409961+00:00",
  "n_instances": 188,
  "scores": {
    "global_score": 0.40035087719298246,
    "macro_recall_at": 0.3333333333333333,
    "macro_recall_isAt": 0.4673684210526316,
    "at_details": {
      "recall_TRUE": 0.0,
      "recall_PROBABLE": 0.0,
      "recall_FALSE": 1.0,
      "macro_recall": 0.3333333333333333
    },
    "isAt_details": {
      "recall_TRUE": 0.39473684210526316,
      "recall_FALSE": 0.54,
      "macro_recall": 0.4673684210526316
    }
  },
  "at_classification_report": {
    "TRUE": {
      "precision": 0.0,
      "recall": 0.0,
      "f1-score": 0.0,
      "support": 66
    },
    "PROBABLE": {
      "precision": 0.0,
      "recall": 0.0,
      "f1-score": 0.0,
      "support": 18
    },
    "FALSE": {
      "precision": 0.5531914893617021,
      "recall": 1.0,
      "f1-score": 0.7123287671232876,
      "support": 104
    },
    "macro avg": {
      "precision": 0.1843971631205674,
      "recall": 0.3333333333333333,
      "f1-score": 0.2374429223744292,
      "support": 188
    },
    "weighted avg": {
      "precision": 0.3060208239022182,
      "recall": 0.5531914893617021,
      "f1-score": 0.39405421160011656,
      "support": 188
    }
  },
  "isAt_classification_report": {
    "TRUE": {
      "precision": 0.17857142857142858,
      "recall": 0.39473684210526316,
      "f1-score": 0.2459016393442623,
      "support": 38
    },
    "FALSE": {
      "precision": 0.7788461538461539,
      "recall": 0.54,
      "f1-score": 0.6377952755905513,
      "support": 150
    },
    "macro avg": {
      "precision": 0.47870879120879123,
      "recall": 0.4673684210526316,
      "f1-score": 0.44184845746740675,
      "support": 188
    },
    "weighted avg": {
      "precision": 0.6575140285246669,
      "recall": 0.5106382978723404,
      "f1-score": 0.5585827320939609,
      "support": 188
    }
  },
  "at_confusion_matrix": [
    [
      0,
      0,
      66
    ],
    [
      0,
      0,
      18
    ],
    [
      0,
      0,
      104
    ]
  ],
  "isAt_confusion_matrix": [
    [
      15,
      23
    ],
    [
      69,
      81
    ]
  ],
  "at_labels": [
    "TRUE",
    "PROBABLE",
    "FALSE"
  ],
  "isAt_labels": [
    "TRUE",
    "FALSE"
  ],
  "metadata": {
    "cache": "mask_xlm_roberta_base_M2_L-1_-4_-7_spec10.npz",
    "model": "xlm-roberta-base",
    "template": "M2",
    "field": "context",
    "layers": [
      -1,
      -4,
      -7
    ],
    "feature_set": "spectral",
    "n_train": 1063,
    "n_test": 188,
    "input_dim": 10,
    "target": "isAt"
  }
}