{
  "experiment_id": "T1.4or5_mask_grid_mask_xlm_roberta_base_M2_L-1_-4_-7_concat_t_isAt_at-test",
  "timestamp": "2026-04-30T23:00:05.394202+00:00",
  "n_instances": 188,
  "scores": {
    "global_score": 0.5379824561403509,
    "macro_recall_at": 0.3333333333333333,
    "macro_recall_isAt": 0.7426315789473684,
    "at_details": {
      "recall_TRUE": 0.0,
      "recall_PROBABLE": 0.0,
      "recall_FALSE": 1.0,
      "macro_recall": 0.3333333333333333
    },
    "isAt_details": {
      "recall_TRUE": 0.6052631578947368,
      "recall_FALSE": 0.88,
      "macro_recall": 0.7426315789473684
    }
  },
  "at_classification_report": {
    "TRUE": {
      "precision": 0.0,
      "recall": 0.0,
      "f1-score": 0.0,
      "support": 66
    },
    "PROBABLE": {
      "precision": 0.0,
      "recall": 0.0,
      "f1-score": 0.0,
      "support": 18
    },
    "FALSE": {
      "precision": 0.5531914893617021,
      "recall": 1.0,
      "f1-score": 0.7123287671232876,
      "support": 104
    },
    "macro avg": {
      "precision": 0.1843971631205674,
      "recall": 0.3333333333333333,
      "f1-score": 0.2374429223744292,
      "support": 188
    },
    "weighted avg": {
      "precision": 0.3060208239022182,
      "recall": 0.5531914893617021,
      "f1-score": 0.39405421160011656,
      "support": 188
    }
  },
  "isAt_classification_report": {
    "TRUE": {
      "precision": 0.5609756097560976,
      "recall": 0.6052631578947368,
      "f1-score": 0.5822784810126583,
      "support": 38
    },
    "FALSE": {
      "precision": 0.8979591836734694,
      "recall": 0.88,
      "f1-score": 0.888888888888889,
      "support": 150
    },
    "macro avg": {
      "precision": 0.7294673967147836,
      "recall": 0.7426315789473684,
      "f1-score": 0.7355836849507736,
      "support": 188
    },
    "weighted avg": {
      "precision": 0.8298454825625113,
      "recall": 0.824468085106383,
      "f1-score": 0.8269144447436934,
      "support": 188
    }
  },
  "at_confusion_matrix": [
    [
      0,
      0,
      66
    ],
    [
      0,
      0,
      18
    ],
    [
      0,
      0,
      104
    ]
  ],
  "isAt_confusion_matrix": [
    [
      23,
      15
    ],
    [
      18,
      132
    ]
  ],
  "at_labels": [
    "TRUE",
    "PROBABLE",
    "FALSE"
  ],
  "isAt_labels": [
    "TRUE",
    "FALSE"
  ],
  "metadata": {
    "cache": "mask_xlm_roberta_base_M2_L-1_-4_-7.npz",
    "model": "xlm-roberta-base",
    "template": "M2",
    "field": "context",
    "layers": [
      -1,
      -4,
      -7
    ],
    "feature_set": "concat_t",
    "n_train": 1063,
    "n_test": 188,
    "input_dim": 2319,
    "target": "isAt"
  }
}