{
  "experiment_id": "T1.4or5_mask_T1.4_temporal_only_LR_isAt_at-test",
  "timestamp": "2026-04-30T21:22:04.586090+00:00",
  "n_instances": 188,
  "scores": {
    "global_score": 0.4809649122807017,
    "macro_recall_at": 0.3333333333333333,
    "macro_recall_isAt": 0.6285964912280702,
    "at_details": {
      "recall_TRUE": 0.0,
      "recall_PROBABLE": 0.0,
      "recall_FALSE": 1.0,
      "macro_recall": 0.3333333333333333
    },
    "isAt_details": {
      "recall_TRUE": 0.7105263157894737,
      "recall_FALSE": 0.5466666666666666,
      "macro_recall": 0.6285964912280702
    }
  },
  "at_classification_report": {
    "TRUE": {
      "precision": 0.0,
      "recall": 0.0,
      "f1-score": 0.0,
      "support": 66
    },
    "PROBABLE": {
      "precision": 0.0,
      "recall": 0.0,
      "f1-score": 0.0,
      "support": 18
    },
    "FALSE": {
      "precision": 0.5531914893617021,
      "recall": 1.0,
      "f1-score": 0.7123287671232876,
      "support": 104
    },
    "macro avg": {
      "precision": 0.1843971631205674,
      "recall": 0.3333333333333333,
      "f1-score": 0.2374429223744292,
      "support": 188
    },
    "weighted avg": {
      "precision": 0.3060208239022182,
      "recall": 0.5531914893617021,
      "f1-score": 0.39405421160011656,
      "support": 188
    }
  },
  "isAt_classification_report": {
    "TRUE": {
      "precision": 0.28421052631578947,
      "recall": 0.7105263157894737,
      "f1-score": 0.40601503759398494,
      "support": 38
    },
    "FALSE": {
      "precision": 0.8817204301075269,
      "recall": 0.5466666666666666,
      "f1-score": 0.6748971193415638,
      "support": 150
    },
    "macro avg": {
      "precision": 0.5829654782116582,
      "recall": 0.6285964912280702,
      "f1-score": 0.5404560784677743,
      "support": 188
    },
    "weighted avg": {
      "precision": 0.7609471516815375,
      "recall": 0.5797872340425532,
      "f1-score": 0.6205486134564149,
      "support": 188
    }
  },
  "at_confusion_matrix": [
    [
      0,
      0,
      66
    ],
    [
      0,
      0,
      18
    ],
    [
      0,
      0,
      104
    ]
  ],
  "isAt_confusion_matrix": [
    [
      27,
      11
    ],
    [
      68,
      82
    ]
  ],
  "at_labels": [
    "TRUE",
    "PROBABLE",
    "FALSE"
  ],
  "isAt_labels": [
    "TRUE",
    "FALSE"
  ],
  "metadata": {
    "name": "T1.4_temporal_only_LR",
    "n_train": 1063,
    "n_test": 188,
    "input_dim": 15,
    "target": "isAt",
    "task": "at"
  }
}