{
  "experiment_id": "T1.4or5_mask_grid_mask_dbmdz_bert_base_historic_multilingual_cased_M4_L-1_-4_-7_spec10_concat_spec_at_at-test",
  "timestamp": "2026-04-30T22:57:13.048427+00:00",
  "n_instances": 188,
  "scores": {
    "global_score": 0.5174177674177673,
    "macro_recall_at": 0.5348355348355348,
    "macro_recall_isAt": 0.5,
    "at_details": {
      "recall_TRUE": 0.6515151515151515,
      "recall_PROBABLE": 0.2222222222222222,
      "recall_FALSE": 0.7307692307692307,
      "macro_recall": 0.5348355348355348
    },
    "isAt_details": {
      "recall_TRUE": 0.0,
      "recall_FALSE": 1.0,
      "macro_recall": 0.5
    }
  },
  "at_classification_report": {
    "TRUE": {
      "precision": 0.6615384615384615,
      "recall": 0.6515151515151515,
      "f1-score": 0.6564885496183206,
      "support": 66
    },
    "PROBABLE": {
      "precision": 0.23529411764705882,
      "recall": 0.2222222222222222,
      "f1-score": 0.22857142857142856,
      "support": 18
    },
    "FALSE": {
      "precision": 0.7169811320754716,
      "recall": 0.7307692307692307,
      "f1-score": 0.7238095238095238,
      "support": 104
    },
    "macro avg": {
      "precision": 0.5379379037536639,
      "recall": 0.5348355348355348,
      "f1-score": 0.5362898339997576,
      "support": 188
    },
    "weighted avg": {
      "precision": 0.6513982463565668,
      "recall": 0.6542553191489362,
      "f1-score": 0.6527591514110923,
      "support": 188
    }
  },
  "isAt_classification_report": {
    "TRUE": {
      "precision": 0.0,
      "recall": 0.0,
      "f1-score": 0.0,
      "support": 38
    },
    "FALSE": {
      "precision": 0.7978723404255319,
      "recall": 1.0,
      "f1-score": 0.8875739644970414,
      "support": 150
    },
    "macro avg": {
      "precision": 0.39893617021276595,
      "recall": 0.5,
      "f1-score": 0.4437869822485207,
      "support": 188
    },
    "weighted avg": {
      "precision": 0.6366002716161159,
      "recall": 0.7978723404255319,
      "f1-score": 0.7081707163540224,
      "support": 188
    }
  },
  "at_confusion_matrix": [
    [
      43,
      5,
      18
    ],
    [
      2,
      4,
      12
    ],
    [
      20,
      8,
      76
    ]
  ],
  "isAt_confusion_matrix": [
    [
      0,
      38
    ],
    [
      0,
      150
    ]
  ],
  "at_labels": [
    "TRUE",
    "PROBABLE",
    "FALSE"
  ],
  "isAt_labels": [
    "TRUE",
    "FALSE"
  ],
  "metadata": {
    "cache": "mask_dbmdz_bert_base_historic_multilingual_cased_M4_L-1_-4_-7_spec10.npz",
    "model": "dbmdz/bert-base-historic-multilingual-cased",
    "template": "M4",
    "field": "context",
    "layers": [
      -1,
      -4,
      -7
    ],
    "feature_set": "concat_spec",
    "n_train": 1063,
    "n_test": 188,
    "input_dim": 2329,
    "target": "at"
  }
}