{
  "experiment_id": "T1.4or5_mask_grid_mask_dbmdz_bert_base_historic_multilingual_cased_M1_L-1_-4_-7_spec10_spectral_at_at-test",
  "timestamp": "2026-04-30T22:49:13.190119+00:00",
  "n_instances": 188,
  "scores": {
    "global_score": 0.449575887075887,
    "macro_recall_at": 0.3991517741517741,
    "macro_recall_isAt": 0.5,
    "at_details": {
      "recall_TRUE": 0.3181818181818182,
      "recall_PROBABLE": 0.3888888888888889,
      "recall_FALSE": 0.49038461538461536,
      "macro_recall": 0.3991517741517741
    },
    "isAt_details": {
      "recall_TRUE": 0.0,
      "recall_FALSE": 1.0,
      "macro_recall": 0.5
    }
  },
  "at_classification_report": {
    "TRUE": {
      "precision": 0.38181818181818183,
      "recall": 0.3181818181818182,
      "f1-score": 0.347107438016529,
      "support": 66
    },
    "PROBABLE": {
      "precision": 0.14583333333333334,
      "recall": 0.3888888888888889,
      "f1-score": 0.21212121212121213,
      "support": 18
    },
    "FALSE": {
      "precision": 0.6,
      "recall": 0.49038461538461536,
      "f1-score": 0.5396825396825397,
      "support": 104
    },
    "macro avg": {
      "precision": 0.3758838383838384,
      "recall": 0.3991517741517741,
      "f1-score": 0.3663037299400936,
      "support": 188
    },
    "weighted avg": {
      "precision": 0.4799202127659574,
      "recall": 0.42021276595744683,
      "f1-score": 0.4407141322034939,
      "support": 188
    }
  },
  "isAt_classification_report": {
    "TRUE": {
      "precision": 0.0,
      "recall": 0.0,
      "f1-score": 0.0,
      "support": 38
    },
    "FALSE": {
      "precision": 0.7978723404255319,
      "recall": 1.0,
      "f1-score": 0.8875739644970414,
      "support": 150
    },
    "macro avg": {
      "precision": 0.39893617021276595,
      "recall": 0.5,
      "f1-score": 0.4437869822485207,
      "support": 188
    },
    "weighted avg": {
      "precision": 0.6366002716161159,
      "recall": 0.7978723404255319,
      "f1-score": 0.7081707163540224,
      "support": 188
    }
  },
  "at_confusion_matrix": [
    [
      21,
      16,
      29
    ],
    [
      6,
      7,
      5
    ],
    [
      28,
      25,
      51
    ]
  ],
  "isAt_confusion_matrix": [
    [
      0,
      38
    ],
    [
      0,
      150
    ]
  ],
  "at_labels": [
    "TRUE",
    "PROBABLE",
    "FALSE"
  ],
  "isAt_labels": [
    "TRUE",
    "FALSE"
  ],
  "metadata": {
    "cache": "mask_dbmdz_bert_base_historic_multilingual_cased_M1_L-1_-4_-7_spec10.npz",
    "model": "dbmdz/bert-base-historic-multilingual-cased",
    "template": "M1",
    "field": "context",
    "layers": [
      -1,
      -4,
      -7
    ],
    "feature_set": "spectral",
    "n_train": 1063,
    "n_test": 188,
    "input_dim": 10,
    "target": "at"
  }
}