{
  "experiment_id": "T1.4or5_mask_T1.5_handcrafted_RF_isAt_isAt-test",
  "timestamp": "2026-05-06T15:38:30.979329+00:00",
  "n_instances": 188,
  "scores": {
    "global_score": 0.5287834311806915,
    "macro_recall_at": 0.3333333333333333,
    "macro_recall_isAt": 0.7242335290280496,
    "at_details": {
      "recall_TRUE": 0.0,
      "recall_PROBABLE": 0.0,
      "recall_FALSE": 1.0,
      "macro_recall": 0.3333333333333333
    },
    "isAt_details": {
      "recall_TRUE": 0.5238095238095238,
      "recall_FALSE": 0.9246575342465754,
      "macro_recall": 0.7242335290280496
    }
  },
  "at_classification_report": {
    "TRUE": {
      "precision": 0.0,
      "recall": 0.0,
      "f1-score": 0.0,
      "support": 60
    },
    "PROBABLE": {
      "precision": 0.0,
      "recall": 0.0,
      "f1-score": 0.0,
      "support": 19
    },
    "FALSE": {
      "precision": 0.5797872340425532,
      "recall": 1.0,
      "f1-score": 0.734006734006734,
      "support": 109
    },
    "macro avg": {
      "precision": 0.19326241134751773,
      "recall": 0.3333333333333333,
      "f1-score": 0.244668911335578,
      "support": 188
    },
    "weighted avg": {
      "precision": 0.33615323675871434,
      "recall": 0.5797872340425532,
      "f1-score": 0.4255677340783724,
      "support": 188
    }
  },
  "isAt_classification_report": {
    "TRUE": {
      "precision": 0.6666666666666666,
      "recall": 0.5238095238095238,
      "f1-score": 0.5866666666666667,
      "support": 42
    },
    "FALSE": {
      "precision": 0.8709677419354839,
      "recall": 0.9246575342465754,
      "f1-score": 0.8970099667774086,
      "support": 146
    },
    "macro avg": {
      "precision": 0.7688172043010753,
      "recall": 0.7242335290280496,
      "f1-score": 0.7418383167220377,
      "support": 188
    },
    "weighted avg": {
      "precision": 0.8253260123541524,
      "recall": 0.8351063829787234,
      "f1-score": 0.8276779529228812,
      "support": 188
    }
  },
  "at_confusion_matrix": [
    [
      0,
      0,
      60
    ],
    [
      0,
      0,
      19
    ],
    [
      0,
      0,
      109
    ]
  ],
  "isAt_confusion_matrix": [
    [
      22,
      20
    ],
    [
      11,
      135
    ]
  ],
  "at_labels": [
    "TRUE",
    "PROBABLE",
    "FALSE"
  ],
  "isAt_labels": [
    "TRUE",
    "FALSE"
  ],
  "metadata": {
    "name": "T1.5_handcrafted_RF",
    "n_train": 1063,
    "n_test": 188,
    "input_dim": 36,
    "target": "isAt",
    "task": "isAt"
  }
}