{
  "experiment_id": "T1.4or5_mask_grid_mask_dbmdz_bert_base_historic_multilingual_cased_M2_mask_isAt_at-test",
  "timestamp": "2026-04-30T22:49:34.074098+00:00",
  "n_instances": 188,
  "scores": {
    "global_score": 0.48859649122807014,
    "macro_recall_at": 0.3333333333333333,
    "macro_recall_isAt": 0.643859649122807,
    "at_details": {
      "recall_TRUE": 0.0,
      "recall_PROBABLE": 0.0,
      "recall_FALSE": 1.0,
      "macro_recall": 0.3333333333333333
    },
    "isAt_details": {
      "recall_TRUE": 0.42105263157894735,
      "recall_FALSE": 0.8666666666666667,
      "macro_recall": 0.643859649122807
    }
  },
  "at_classification_report": {
    "TRUE": {
      "precision": 0.0,
      "recall": 0.0,
      "f1-score": 0.0,
      "support": 66
    },
    "PROBABLE": {
      "precision": 0.0,
      "recall": 0.0,
      "f1-score": 0.0,
      "support": 18
    },
    "FALSE": {
      "precision": 0.5531914893617021,
      "recall": 1.0,
      "f1-score": 0.7123287671232876,
      "support": 104
    },
    "macro avg": {
      "precision": 0.1843971631205674,
      "recall": 0.3333333333333333,
      "f1-score": 0.2374429223744292,
      "support": 188
    },
    "weighted avg": {
      "precision": 0.3060208239022182,
      "recall": 0.5531914893617021,
      "f1-score": 0.39405421160011656,
      "support": 188
    }
  },
  "isAt_classification_report": {
    "TRUE": {
      "precision": 0.4444444444444444,
      "recall": 0.42105263157894735,
      "f1-score": 0.43243243243243246,
      "support": 38
    },
    "FALSE": {
      "precision": 0.8552631578947368,
      "recall": 0.8666666666666667,
      "f1-score": 0.8609271523178809,
      "support": 150
    },
    "macro avg": {
      "precision": 0.6498538011695907,
      "recall": 0.643859649122807,
      "f1-score": 0.6466797923751566,
      "support": 188
    },
    "weighted avg": {
      "precision": 0.7722253328356351,
      "recall": 0.776595744680851,
      "f1-score": 0.7743165174474177,
      "support": 188
    }
  },
  "at_confusion_matrix": [
    [
      0,
      0,
      66
    ],
    [
      0,
      0,
      18
    ],
    [
      0,
      0,
      104
    ]
  ],
  "isAt_confusion_matrix": [
    [
      16,
      22
    ],
    [
      20,
      130
    ]
  ],
  "at_labels": [
    "TRUE",
    "PROBABLE",
    "FALSE"
  ],
  "isAt_labels": [
    "TRUE",
    "FALSE"
  ],
  "metadata": {
    "cache": "mask_dbmdz_bert_base_historic_multilingual_cased_M2.npz",
    "model": "dbmdz/bert-base-historic-multilingual-cased",
    "template": "M2",
    "field": "context",
    "layers": [
      -1
    ],
    "feature_set": "mask",
    "n_train": 1063,
    "n_test": 188,
    "input_dim": 768,
    "target": "isAt"
  }
}