{
  "experiment_id": "T1.4or5_mask_grid_mask_xlm_roberta_large_M2_L-1_-4_-7_spec10_concat_t_at_at-test",
  "timestamp": "2026-04-30T23:04:25.540306+00:00",
  "n_instances": 188,
  "scores": {
    "global_score": 0.5385748510748511,
    "macro_recall_at": 0.5771497021497022,
    "macro_recall_isAt": 0.5,
    "at_details": {
      "recall_TRUE": 0.6363636363636364,
      "recall_PROBABLE": 0.2777777777777778,
      "recall_FALSE": 0.8173076923076923,
      "macro_recall": 0.5771497021497022
    },
    "isAt_details": {
      "recall_TRUE": 0.0,
      "recall_FALSE": 1.0,
      "macro_recall": 0.5
    }
  },
  "at_classification_report": {
    "TRUE": {
      "precision": 0.6461538461538462,
      "recall": 0.6363636363636364,
      "f1-score": 0.6412213740458016,
      "support": 66
    },
    "PROBABLE": {
      "precision": 0.38461538461538464,
      "recall": 0.2777777777777778,
      "f1-score": 0.3225806451612903,
      "support": 18
    },
    "FALSE": {
      "precision": 0.7727272727272727,
      "recall": 0.8173076923076923,
      "f1-score": 0.794392523364486,
      "support": 104
    },
    "macro avg": {
      "precision": 0.6011655011655012,
      "recall": 0.5771497021497022,
      "f1-score": 0.5860648475238593,
      "support": 188
    },
    "weighted avg": {
      "precision": 0.6911322719833358,
      "recall": 0.7021276595744681,
      "f1-score": 0.6954461953714504,
      "support": 188
    }
  },
  "isAt_classification_report": {
    "TRUE": {
      "precision": 0.0,
      "recall": 0.0,
      "f1-score": 0.0,
      "support": 38
    },
    "FALSE": {
      "precision": 0.7978723404255319,
      "recall": 1.0,
      "f1-score": 0.8875739644970414,
      "support": 150
    },
    "macro avg": {
      "precision": 0.39893617021276595,
      "recall": 0.5,
      "f1-score": 0.4437869822485207,
      "support": 188
    },
    "weighted avg": {
      "precision": 0.6366002716161159,
      "recall": 0.7978723404255319,
      "f1-score": 0.7081707163540224,
      "support": 188
    }
  },
  "at_confusion_matrix": [
    [
      42,
      6,
      18
    ],
    [
      6,
      5,
      7
    ],
    [
      17,
      2,
      85
    ]
  ],
  "isAt_confusion_matrix": [
    [
      0,
      38
    ],
    [
      0,
      150
    ]
  ],
  "at_labels": [
    "TRUE",
    "PROBABLE",
    "FALSE"
  ],
  "isAt_labels": [
    "TRUE",
    "FALSE"
  ],
  "metadata": {
    "cache": "mask_xlm_roberta_large_M2_L-1_-4_-7_spec10.npz",
    "model": "xlm-roberta-large",
    "template": "M2",
    "field": "context",
    "layers": [
      -1,
      -4,
      -7
    ],
    "feature_set": "concat_t",
    "n_train": 1063,
    "n_test": 188,
    "input_dim": 3087,
    "target": "at"
  }
}