{
  "experiment_id": "T1.4or5_mask_grid_mask_xlm_roberta_base_M2_L-1_-4_-7_spec10_concat_spec_at_at-test",
  "timestamp": "2026-04-30T23:02:21.437075+00:00",
  "n_instances": 188,
  "scores": {
    "global_score": 0.5128043253043253,
    "macro_recall_at": 0.5256086506086506,
    "macro_recall_isAt": 0.5,
    "at_details": {
      "recall_TRUE": 0.5757575757575758,
      "recall_PROBABLE": 0.2222222222222222,
      "recall_FALSE": 0.7788461538461539,
      "macro_recall": 0.5256086506086506
    },
    "isAt_details": {
      "recall_TRUE": 0.0,
      "recall_FALSE": 1.0,
      "macro_recall": 0.5
    }
  },
  "at_classification_report": {
    "TRUE": {
      "precision": 0.5846153846153846,
      "recall": 0.5757575757575758,
      "f1-score": 0.5801526717557253,
      "support": 66
    },
    "PROBABLE": {
      "precision": 0.2222222222222222,
      "recall": 0.2222222222222222,
      "f1-score": 0.2222222222222222,
      "support": 18
    },
    "FALSE": {
      "precision": 0.7714285714285715,
      "recall": 0.7788461538461539,
      "f1-score": 0.7751196172248804,
      "support": 104
    },
    "macro avg": {
      "precision": 0.5260887260887261,
      "recall": 0.5256086506086506,
      "f1-score": 0.5258315037342759,
      "support": 188
    },
    "weighted avg": {
      "precision": 0.6532616319850363,
      "recall": 0.6542553191489362,
      "f1-score": 0.6537367900386459,
      "support": 188
    }
  },
  "isAt_classification_report": {
    "TRUE": {
      "precision": 0.0,
      "recall": 0.0,
      "f1-score": 0.0,
      "support": 38
    },
    "FALSE": {
      "precision": 0.7978723404255319,
      "recall": 1.0,
      "f1-score": 0.8875739644970414,
      "support": 150
    },
    "macro avg": {
      "precision": 0.39893617021276595,
      "recall": 0.5,
      "f1-score": 0.4437869822485207,
      "support": 188
    },
    "weighted avg": {
      "precision": 0.6366002716161159,
      "recall": 0.7978723404255319,
      "f1-score": 0.7081707163540224,
      "support": 188
    }
  },
  "at_confusion_matrix": [
    [
      38,
      9,
      19
    ],
    [
      9,
      4,
      5
    ],
    [
      18,
      5,
      81
    ]
  ],
  "isAt_confusion_matrix": [
    [
      0,
      38
    ],
    [
      0,
      150
    ]
  ],
  "at_labels": [
    "TRUE",
    "PROBABLE",
    "FALSE"
  ],
  "isAt_labels": [
    "TRUE",
    "FALSE"
  ],
  "metadata": {
    "cache": "mask_xlm_roberta_base_M2_L-1_-4_-7_spec10.npz",
    "model": "xlm-roberta-base",
    "template": "M2",
    "field": "context",
    "layers": [
      -1,
      -4,
      -7
    ],
    "feature_set": "concat_spec",
    "n_train": 1063,
    "n_test": 188,
    "input_dim": 2329,
    "target": "at"
  }
}