{
  "experiment_id": "T1.4or5_mask_C4_mask+e1+e2+temporal_LR_isAt_at-test",
  "timestamp": "2026-04-30T21:22:04.534642+00:00",
  "n_instances": 188,
  "scores": {
    "global_score": 0.5495614035087719,
    "macro_recall_at": 0.3333333333333333,
    "macro_recall_isAt": 0.7657894736842106,
    "at_details": {
      "recall_TRUE": 0.0,
      "recall_PROBABLE": 0.0,
      "recall_FALSE": 1.0,
      "macro_recall": 0.3333333333333333
    },
    "isAt_details": {
      "recall_TRUE": 0.631578947368421,
      "recall_FALSE": 0.9,
      "macro_recall": 0.7657894736842106
    }
  },
  "at_classification_report": {
    "TRUE": {
      "precision": 0.0,
      "recall": 0.0,
      "f1-score": 0.0,
      "support": 66
    },
    "PROBABLE": {
      "precision": 0.0,
      "recall": 0.0,
      "f1-score": 0.0,
      "support": 18
    },
    "FALSE": {
      "precision": 0.5531914893617021,
      "recall": 1.0,
      "f1-score": 0.7123287671232876,
      "support": 104
    },
    "macro avg": {
      "precision": 0.1843971631205674,
      "recall": 0.3333333333333333,
      "f1-score": 0.2374429223744292,
      "support": 188
    },
    "weighted avg": {
      "precision": 0.3060208239022182,
      "recall": 0.5531914893617021,
      "f1-score": 0.39405421160011656,
      "support": 188
    }
  },
  "isAt_classification_report": {
    "TRUE": {
      "precision": 0.6153846153846154,
      "recall": 0.631578947368421,
      "f1-score": 0.6233766233766234,
      "support": 38
    },
    "FALSE": {
      "precision": 0.9060402684563759,
      "recall": 0.9,
      "f1-score": 0.903010033444816,
      "support": 150
    },
    "macro avg": {
      "precision": 0.7607124419204956,
      "recall": 0.7657894736842106,
      "f1-score": 0.7631933284107197,
      "support": 188
    },
    "weighted avg": {
      "precision": 0.8472907215588923,
      "recall": 0.8457446808510638,
      "f1-score": 0.8464883867289047,
      "support": 188
    }
  },
  "at_confusion_matrix": [
    [
      0,
      0,
      66
    ],
    [
      0,
      0,
      18
    ],
    [
      0,
      0,
      104
    ]
  ],
  "isAt_confusion_matrix": [
    [
      24,
      14
    ],
    [
      15,
      135
    ]
  ],
  "at_labels": [
    "TRUE",
    "PROBABLE",
    "FALSE"
  ],
  "isAt_labels": [
    "TRUE",
    "FALSE"
  ],
  "metadata": {
    "name": "C4_mask+e1+e2+temporal_LR",
    "n_train": 1063,
    "n_test": 188,
    "input_dim": 2319,
    "target": "isAt",
    "task": "at"
  }
}