{
  "experiment_id": "T1.4or5_mask_grid_mask_dbmdz_bert_base_historic_multilingual_cased_M4_L-1_-4_-7_mask_at_at-test",
  "timestamp": "2026-04-30T22:54:50.430116+00:00",
  "n_instances": 188,
  "scores": {
    "global_score": 0.5459563584563585,
    "macro_recall_at": 0.591912716912717,
    "macro_recall_isAt": 0.5,
    "at_details": {
      "recall_TRUE": 0.5909090909090909,
      "recall_PROBABLE": 0.4444444444444444,
      "recall_FALSE": 0.7403846153846154,
      "macro_recall": 0.591912716912717
    },
    "isAt_details": {
      "recall_TRUE": 0.0,
      "recall_FALSE": 1.0,
      "macro_recall": 0.5
    }
  },
  "at_classification_report": {
    "TRUE": {
      "precision": 0.5909090909090909,
      "recall": 0.5909090909090909,
      "f1-score": 0.5909090909090909,
      "support": 66
    },
    "PROBABLE": {
      "precision": 0.34782608695652173,
      "recall": 0.4444444444444444,
      "f1-score": 0.3902439024390244,
      "support": 18
    },
    "FALSE": {
      "precision": 0.7777777777777778,
      "recall": 0.7403846153846154,
      "f1-score": 0.7586206896551725,
      "support": 104
    },
    "macro avg": {
      "precision": 0.5721709852144635,
      "recall": 0.591912716912717,
      "f1-score": 0.5799245610010959,
      "support": 188
    },
    "weighted avg": {
      "precision": 0.6710093534792887,
      "recall": 0.6595744680851063,
      "f1-score": 0.6644730955746829,
      "support": 188
    }
  },
  "isAt_classification_report": {
    "TRUE": {
      "precision": 0.0,
      "recall": 0.0,
      "f1-score": 0.0,
      "support": 38
    },
    "FALSE": {
      "precision": 0.7978723404255319,
      "recall": 1.0,
      "f1-score": 0.8875739644970414,
      "support": 150
    },
    "macro avg": {
      "precision": 0.39893617021276595,
      "recall": 0.5,
      "f1-score": 0.4437869822485207,
      "support": 188
    },
    "weighted avg": {
      "precision": 0.6366002716161159,
      "recall": 0.7978723404255319,
      "f1-score": 0.7081707163540224,
      "support": 188
    }
  },
  "at_confusion_matrix": [
    [
      39,
      10,
      17
    ],
    [
      5,
      8,
      5
    ],
    [
      22,
      5,
      77
    ]
  ],
  "isAt_confusion_matrix": [
    [
      0,
      38
    ],
    [
      0,
      150
    ]
  ],
  "at_labels": [
    "TRUE",
    "PROBABLE",
    "FALSE"
  ],
  "isAt_labels": [
    "TRUE",
    "FALSE"
  ],
  "metadata": {
    "cache": "mask_dbmdz_bert_base_historic_multilingual_cased_M4_L-1_-4_-7.npz",
    "model": "dbmdz/bert-base-historic-multilingual-cased",
    "template": "M4",
    "field": "context",
    "layers": [
      -1,
      -4,
      -7
    ],
    "feature_set": "mask",
    "n_train": 1063,
    "n_test": 188,
    "input_dim": 768,
    "target": "at"
  }
}