{
  "experiment_id": "T1.4or5_mask_grid_mask_xlm_roberta_base_M2_L-1_-4_-7_concat_l_t_at_at-test",
  "timestamp": "2026-04-30T23:00:41.578094+00:00",
  "n_instances": 188,
  "scores": {
    "global_score": 0.5220635845635846,
    "macro_recall_at": 0.5441271691271692,
    "macro_recall_isAt": 0.5,
    "at_details": {
      "recall_TRUE": 0.5757575757575758,
      "recall_PROBABLE": 0.2777777777777778,
      "recall_FALSE": 0.7788461538461539,
      "macro_recall": 0.5441271691271692
    },
    "isAt_details": {
      "recall_TRUE": 0.0,
      "recall_FALSE": 1.0,
      "macro_recall": 0.5
    }
  },
  "at_classification_report": {
    "TRUE": {
      "precision": 0.59375,
      "recall": 0.5757575757575758,
      "f1-score": 0.5846153846153846,
      "support": 66
    },
    "PROBABLE": {
      "precision": 0.25,
      "recall": 0.2777777777777778,
      "f1-score": 0.2631578947368421,
      "support": 18
    },
    "FALSE": {
      "precision": 0.7788461538461539,
      "recall": 0.7788461538461539,
      "f1-score": 0.7788461538461539,
      "support": 104
    },
    "macro avg": {
      "precision": 0.5408653846153846,
      "recall": 0.5441271691271692,
      "f1-score": 0.5422064777327935,
      "support": 188
    },
    "weighted avg": {
      "precision": 0.6632313829787234,
      "recall": 0.6595744680851063,
      "f1-score": 0.6612843483504178,
      "support": 188
    }
  },
  "isAt_classification_report": {
    "TRUE": {
      "precision": 0.0,
      "recall": 0.0,
      "f1-score": 0.0,
      "support": 38
    },
    "FALSE": {
      "precision": 0.7978723404255319,
      "recall": 1.0,
      "f1-score": 0.8875739644970414,
      "support": 150
    },
    "macro avg": {
      "precision": 0.39893617021276595,
      "recall": 0.5,
      "f1-score": 0.4437869822485207,
      "support": 188
    },
    "weighted avg": {
      "precision": 0.6366002716161159,
      "recall": 0.7978723404255319,
      "f1-score": 0.7081707163540224,
      "support": 188
    }
  },
  "at_confusion_matrix": [
    [
      38,
      10,
      18
    ],
    [
      8,
      5,
      5
    ],
    [
      18,
      5,
      81
    ]
  ],
  "isAt_confusion_matrix": [
    [
      0,
      38
    ],
    [
      0,
      150
    ]
  ],
  "at_labels": [
    "TRUE",
    "PROBABLE",
    "FALSE"
  ],
  "isAt_labels": [
    "TRUE",
    "FALSE"
  ],
  "metadata": {
    "cache": "mask_xlm_roberta_base_M2_L-1_-4_-7.npz",
    "model": "xlm-roberta-base",
    "template": "M2",
    "field": "context",
    "layers": [
      -1,
      -4,
      -7
    ],
    "feature_set": "concat_l_t",
    "n_train": 1063,
    "n_test": 188,
    "input_dim": 3855,
    "target": "at"
  }
}