{
  "experiment_id": "T1.4or5_mask_grid_mask_dbmdz_bert_base_historic_multilingual_cased_M2_L-1_-4_-7_concat_t_at_at-test",
  "timestamp": "2026-04-30T22:50:14.076956+00:00",
  "n_instances": 188,
  "scores": {
    "global_score": 0.517498704998705,
    "macro_recall_at": 0.53499740999741,
    "macro_recall_isAt": 0.5,
    "at_details": {
      "recall_TRUE": 0.6060606060606061,
      "recall_PROBABLE": 0.2777777777777778,
      "recall_FALSE": 0.7211538461538461,
      "macro_recall": 0.53499740999741
    },
    "isAt_details": {
      "recall_TRUE": 0.0,
      "recall_FALSE": 1.0,
      "macro_recall": 0.5
    }
  },
  "at_classification_report": {
    "TRUE": {
      "precision": 0.5970149253731343,
      "recall": 0.6060606060606061,
      "f1-score": 0.6015037593984962,
      "support": 66
    },
    "PROBABLE": {
      "precision": 0.2631578947368421,
      "recall": 0.2777777777777778,
      "f1-score": 0.27027027027027023,
      "support": 18
    },
    "FALSE": {
      "precision": 0.7352941176470589,
      "recall": 0.7211538461538461,
      "f1-score": 0.7281553398058251,
      "support": 104
    },
    "macro avg": {
      "precision": 0.5318223125856784,
      "recall": 0.53499740999741,
      "f1-score": 0.5333097898248639,
      "support": 188
    },
    "weighted avg": {
      "precision": 0.6415447628467241,
      "recall": 0.6382978723404256,
      "f1-score": 0.6398524910902735,
      "support": 188
    }
  },
  "isAt_classification_report": {
    "TRUE": {
      "precision": 0.0,
      "recall": 0.0,
      "f1-score": 0.0,
      "support": 38
    },
    "FALSE": {
      "precision": 0.7978723404255319,
      "recall": 1.0,
      "f1-score": 0.8875739644970414,
      "support": 150
    },
    "macro avg": {
      "precision": 0.39893617021276595,
      "recall": 0.5,
      "f1-score": 0.4437869822485207,
      "support": 188
    },
    "weighted avg": {
      "precision": 0.6366002716161159,
      "recall": 0.7978723404255319,
      "f1-score": 0.7081707163540224,
      "support": 188
    }
  },
  "at_confusion_matrix": [
    [
      40,
      7,
      19
    ],
    [
      5,
      5,
      8
    ],
    [
      22,
      7,
      75
    ]
  ],
  "isAt_confusion_matrix": [
    [
      0,
      38
    ],
    [
      0,
      150
    ]
  ],
  "at_labels": [
    "TRUE",
    "PROBABLE",
    "FALSE"
  ],
  "isAt_labels": [
    "TRUE",
    "FALSE"
  ],
  "metadata": {
    "cache": "mask_dbmdz_bert_base_historic_multilingual_cased_M2_L-1_-4_-7.npz",
    "model": "dbmdz/bert-base-historic-multilingual-cased",
    "template": "M2",
    "field": "context",
    "layers": [
      -1,
      -4,
      -7
    ],
    "feature_set": "concat_t",
    "n_train": 1063,
    "n_test": 188,
    "input_dim": 2319,
    "target": "at"
  }
}