{
  "experiment_id": "T1.4or5_mask_grid_mask_dbmdz_bert_base_historic_multilingual_cased_M4_L-1_-4_-7_concat_l_t_at_at-test",
  "timestamp": "2026-04-30T22:55:49.925444+00:00",
  "n_instances": 188,
  "scores": {
    "global_score": 0.5197002072002073,
    "macro_recall_at": 0.5394004144004144,
    "macro_recall_isAt": 0.5,
    "at_details": {
      "recall_TRUE": 0.6363636363636364,
      "recall_PROBABLE": 0.2222222222222222,
      "recall_FALSE": 0.7596153846153846,
      "macro_recall": 0.5394004144004144
    },
    "isAt_details": {
      "recall_TRUE": 0.0,
      "recall_FALSE": 1.0,
      "macro_recall": 0.5
    }
  },
  "at_classification_report": {
    "TRUE": {
      "precision": 0.65625,
      "recall": 0.6363636363636364,
      "f1-score": 0.6461538461538462,
      "support": 66
    },
    "PROBABLE": {
      "precision": 0.2857142857142857,
      "recall": 0.2222222222222222,
      "f1-score": 0.25,
      "support": 18
    },
    "FALSE": {
      "precision": 0.7181818181818181,
      "recall": 0.7596153846153846,
      "f1-score": 0.7383177570093458,
      "support": 104
    },
    "macro avg": {
      "precision": 0.5533820346320346,
      "recall": 0.5394004144004144,
      "f1-score": 0.544823867721064,
      "support": 188
    },
    "weighted avg": {
      "precision": 0.6550333310306714,
      "recall": 0.6648936170212766,
      "f1-score": 0.6592085136974777,
      "support": 188
    }
  },
  "isAt_classification_report": {
    "TRUE": {
      "precision": 0.0,
      "recall": 0.0,
      "f1-score": 0.0,
      "support": 38
    },
    "FALSE": {
      "precision": 0.7978723404255319,
      "recall": 1.0,
      "f1-score": 0.8875739644970414,
      "support": 150
    },
    "macro avg": {
      "precision": 0.39893617021276595,
      "recall": 0.5,
      "f1-score": 0.4437869822485207,
      "support": 188
    },
    "weighted avg": {
      "precision": 0.6366002716161159,
      "recall": 0.7978723404255319,
      "f1-score": 0.7081707163540224,
      "support": 188
    }
  },
  "at_confusion_matrix": [
    [
      42,
      4,
      20
    ],
    [
      3,
      4,
      11
    ],
    [
      19,
      6,
      79
    ]
  ],
  "isAt_confusion_matrix": [
    [
      0,
      38
    ],
    [
      0,
      150
    ]
  ],
  "at_labels": [
    "TRUE",
    "PROBABLE",
    "FALSE"
  ],
  "isAt_labels": [
    "TRUE",
    "FALSE"
  ],
  "metadata": {
    "cache": "mask_dbmdz_bert_base_historic_multilingual_cased_M4_L-1_-4_-7.npz",
    "model": "dbmdz/bert-base-historic-multilingual-cased",
    "template": "M4",
    "field": "context",
    "layers": [
      -1,
      -4,
      -7
    ],
    "feature_set": "concat_l_t",
    "n_train": 1063,
    "n_test": 188,
    "input_dim": 3855,
    "target": "at"
  }
}