{
  "experiment_id": "T1.4or5_mask_grid_mask_dbmdz_bert_base_historic_multilingual_cased_M2_spec10_spectral_isAt_at-test",
  "timestamp": "2026-04-30T22:52:14.325919+00:00",
  "n_instances": 188,
  "scores": {
    "global_score": 0.40043859649122804,
    "macro_recall_at": 0.3333333333333333,
    "macro_recall_isAt": 0.4675438596491228,
    "at_details": {
      "recall_TRUE": 0.0,
      "recall_PROBABLE": 0.0,
      "recall_FALSE": 1.0,
      "macro_recall": 0.3333333333333333
    },
    "isAt_details": {
      "recall_TRUE": 0.3684210526315789,
      "recall_FALSE": 0.5666666666666667,
      "macro_recall": 0.4675438596491228
    }
  },
  "at_classification_report": {
    "TRUE": {
      "precision": 0.0,
      "recall": 0.0,
      "f1-score": 0.0,
      "support": 66
    },
    "PROBABLE": {
      "precision": 0.0,
      "recall": 0.0,
      "f1-score": 0.0,
      "support": 18
    },
    "FALSE": {
      "precision": 0.5531914893617021,
      "recall": 1.0,
      "f1-score": 0.7123287671232876,
      "support": 104
    },
    "macro avg": {
      "precision": 0.1843971631205674,
      "recall": 0.3333333333333333,
      "f1-score": 0.2374429223744292,
      "support": 188
    },
    "weighted avg": {
      "precision": 0.3060208239022182,
      "recall": 0.5531914893617021,
      "f1-score": 0.39405421160011656,
      "support": 188
    }
  },
  "isAt_classification_report": {
    "TRUE": {
      "precision": 0.17721518987341772,
      "recall": 0.3684210526315789,
      "f1-score": 0.2393162393162393,
      "support": 38
    },
    "FALSE": {
      "precision": 0.7798165137614679,
      "recall": 0.5666666666666667,
      "f1-score": 0.6563706563706564,
      "support": 150
    },
    "macro avg": {
      "precision": 0.4785158518174428,
      "recall": 0.4675438596491228,
      "f1-score": 0.4478434478434479,
      "support": 188
    },
    "weighted avg": {
      "precision": 0.6580141185075004,
      "recall": 0.526595744680851,
      "f1-score": 0.572072423136253,
      "support": 188
    }
  },
  "at_confusion_matrix": [
    [
      0,
      0,
      66
    ],
    [
      0,
      0,
      18
    ],
    [
      0,
      0,
      104
    ]
  ],
  "isAt_confusion_matrix": [
    [
      14,
      24
    ],
    [
      65,
      85
    ]
  ],
  "at_labels": [
    "TRUE",
    "PROBABLE",
    "FALSE"
  ],
  "isAt_labels": [
    "TRUE",
    "FALSE"
  ],
  "metadata": {
    "cache": "mask_dbmdz_bert_base_historic_multilingual_cased_M2_spec10.npz",
    "model": "dbmdz/bert-base-historic-multilingual-cased",
    "template": "M2",
    "field": "context",
    "layers": [
      -1
    ],
    "feature_set": "spectral",
    "n_train": 1063,
    "n_test": 188,
    "input_dim": 10,
    "target": "isAt"
  }
}