{
  "experiment_id": "T1.4or5_mask_T1.4_temporal_only_LR_isAt_isAt-test",
  "timestamp": "2026-05-06T15:38:29.897725+00:00",
  "n_instances": 188,
  "scores": {
    "global_score": 0.4837736464448793,
    "macro_recall_at": 0.3333333333333333,
    "macro_recall_isAt": 0.6342139595564253,
    "at_details": {
      "recall_TRUE": 0.0,
      "recall_PROBABLE": 0.0,
      "recall_FALSE": 1.0,
      "macro_recall": 0.3333333333333333
    },
    "isAt_details": {
      "recall_TRUE": 0.8095238095238095,
      "recall_FALSE": 0.4589041095890411,
      "macro_recall": 0.6342139595564253
    }
  },
  "at_classification_report": {
    "TRUE": {
      "precision": 0.0,
      "recall": 0.0,
      "f1-score": 0.0,
      "support": 60
    },
    "PROBABLE": {
      "precision": 0.0,
      "recall": 0.0,
      "f1-score": 0.0,
      "support": 19
    },
    "FALSE": {
      "precision": 0.5797872340425532,
      "recall": 1.0,
      "f1-score": 0.734006734006734,
      "support": 109
    },
    "macro avg": {
      "precision": 0.19326241134751773,
      "recall": 0.3333333333333333,
      "f1-score": 0.244668911335578,
      "support": 188
    },
    "weighted avg": {
      "precision": 0.33615323675871434,
      "recall": 0.5797872340425532,
      "f1-score": 0.4255677340783724,
      "support": 188
    }
  },
  "isAt_classification_report": {
    "TRUE": {
      "precision": 0.3008849557522124,
      "recall": 0.8095238095238095,
      "f1-score": 0.43870967741935485,
      "support": 42
    },
    "FALSE": {
      "precision": 0.8933333333333333,
      "recall": 0.4589041095890411,
      "f1-score": 0.6063348416289592,
      "support": 146
    },
    "macro avg": {
      "precision": 0.5971091445427729,
      "recall": 0.6342139595564253,
      "f1-score": 0.522522259524157,
      "support": 188
    },
    "weighted avg": {
      "precision": 0.7609778447247851,
      "recall": 0.5372340425531915,
      "f1-score": 0.5688866666459625,
      "support": 188
    }
  },
  "at_confusion_matrix": [
    [
      0,
      0,
      60
    ],
    [
      0,
      0,
      19
    ],
    [
      0,
      0,
      109
    ]
  ],
  "isAt_confusion_matrix": [
    [
      34,
      8
    ],
    [
      79,
      67
    ]
  ],
  "at_labels": [
    "TRUE",
    "PROBABLE",
    "FALSE"
  ],
  "isAt_labels": [
    "TRUE",
    "FALSE"
  ],
  "metadata": {
    "name": "T1.4_temporal_only_LR",
    "n_train": 1063,
    "n_test": 188,
    "input_dim": 15,
    "target": "isAt",
    "task": "isAt"
  }
}