{
  "experiment_id": "T1.4or5_mask_grid_mask_xlm_roberta_large_M2_L-1_-4_-7_spec10_spectral_at_at-test",
  "timestamp": "2026-04-30T23:05:07.806390+00:00",
  "n_instances": 188,
  "scores": {
    "global_score": 0.4652939652939653,
    "macro_recall_at": 0.4305879305879306,
    "macro_recall_isAt": 0.5,
    "at_details": {
      "recall_TRUE": 0.42424242424242425,
      "recall_PROBABLE": 0.4444444444444444,
      "recall_FALSE": 0.4230769230769231,
      "macro_recall": 0.4305879305879306
    },
    "isAt_details": {
      "recall_TRUE": 0.0,
      "recall_FALSE": 1.0,
      "macro_recall": 0.5
    }
  },
  "at_classification_report": {
    "TRUE": {
      "precision": 0.5,
      "recall": 0.42424242424242425,
      "f1-score": 0.4590163934426229,
      "support": 66
    },
    "PROBABLE": {
      "precision": 0.13333333333333333,
      "recall": 0.4444444444444444,
      "f1-score": 0.20512820512820512,
      "support": 18
    },
    "FALSE": {
      "precision": 0.6111111111111112,
      "recall": 0.4230769230769231,
      "f1-score": 0.5,
      "support": 104
    },
    "macro avg": {
      "precision": 0.4148148148148148,
      "recall": 0.4305879305879306,
      "f1-score": 0.38804819952360936,
      "support": 188
    },
    "weighted avg": {
      "precision": 0.5263593380614657,
      "recall": 0.425531914893617,
      "f1-score": 0.45737973223149364,
      "support": 188
    }
  },
  "isAt_classification_report": {
    "TRUE": {
      "precision": 0.0,
      "recall": 0.0,
      "f1-score": 0.0,
      "support": 38
    },
    "FALSE": {
      "precision": 0.7978723404255319,
      "recall": 1.0,
      "f1-score": 0.8875739644970414,
      "support": 150
    },
    "macro avg": {
      "precision": 0.39893617021276595,
      "recall": 0.5,
      "f1-score": 0.4437869822485207,
      "support": 188
    },
    "weighted avg": {
      "precision": 0.6366002716161159,
      "recall": 0.7978723404255319,
      "f1-score": 0.7081707163540224,
      "support": 188
    }
  },
  "at_confusion_matrix": [
    [
      28,
      16,
      22
    ],
    [
      4,
      8,
      6
    ],
    [
      24,
      36,
      44
    ]
  ],
  "isAt_confusion_matrix": [
    [
      0,
      38
    ],
    [
      0,
      150
    ]
  ],
  "at_labels": [
    "TRUE",
    "PROBABLE",
    "FALSE"
  ],
  "isAt_labels": [
    "TRUE",
    "FALSE"
  ],
  "metadata": {
    "cache": "mask_xlm_roberta_large_M2_L-1_-4_-7_spec10.npz",
    "model": "xlm-roberta-large",
    "template": "M2",
    "field": "context",
    "layers": [
      -1,
      -4,
      -7
    ],
    "feature_set": "spectral",
    "n_train": 1063,
    "n_test": 188,
    "input_dim": 10,
    "target": "at"
  }
}