{
  "experiment_id": "T1.4or5_mask_T1.5_handcrafted_RF_at_isAt-test",
  "timestamp": "2026-05-06T15:38:30.462418+00:00",
  "n_instances": 188,
  "scores": {
    "global_score": 0.5562248511186223,
    "macro_recall_at": 0.6124497022372445,
    "macro_recall_isAt": 0.5,
    "at_details": {
      "recall_TRUE": 0.65,
      "recall_PROBABLE": 0.3157894736842105,
      "recall_FALSE": 0.8715596330275229,
      "macro_recall": 0.6124497022372445
    },
    "isAt_details": {
      "recall_TRUE": 0.0,
      "recall_FALSE": 1.0,
      "macro_recall": 0.5
    }
  },
  "at_classification_report": {
    "TRUE": {
      "precision": 0.7358490566037735,
      "recall": 0.65,
      "f1-score": 0.6902654867256638,
      "support": 60
    },
    "PROBABLE": {
      "precision": 0.5454545454545454,
      "recall": 0.3157894736842105,
      "f1-score": 0.39999999999999997,
      "support": 19
    },
    "FALSE": {
      "precision": 0.7661290322580645,
      "recall": 0.8715596330275229,
      "f1-score": 0.815450643776824,
      "support": 109
    },
    "macro avg": {
      "precision": 0.6824775447721279,
      "recall": 0.6124497022372445,
      "f1-score": 0.635238710167496,
      "support": 188
    },
    "weighted avg": {
      "precision": 0.7341630014680416,
      "recall": 0.7446808510638298,
      "f1-score": 0.7335109009319876,
      "support": 188
    }
  },
  "isAt_classification_report": {
    "TRUE": {
      "precision": 0.0,
      "recall": 0.0,
      "f1-score": 0.0,
      "support": 42
    },
    "FALSE": {
      "precision": 0.776595744680851,
      "recall": 1.0,
      "f1-score": 0.8742514970059879,
      "support": 146
    },
    "macro avg": {
      "precision": 0.3882978723404255,
      "recall": 0.5,
      "f1-score": 0.43712574850299396,
      "support": 188
    },
    "weighted avg": {
      "precision": 0.6031009506564056,
      "recall": 0.776595744680851,
      "f1-score": 0.678939992355714,
      "support": 188
    }
  },
  "at_confusion_matrix": [
    [
      39,
      2,
      19
    ],
    [
      3,
      6,
      10
    ],
    [
      11,
      3,
      95
    ]
  ],
  "isAt_confusion_matrix": [
    [
      0,
      42
    ],
    [
      0,
      146
    ]
  ],
  "at_labels": [
    "TRUE",
    "PROBABLE",
    "FALSE"
  ],
  "isAt_labels": [
    "TRUE",
    "FALSE"
  ],
  "metadata": {
    "name": "T1.5_handcrafted_RF",
    "n_train": 1063,
    "n_test": 188,
    "input_dim": 36,
    "target": "at",
    "task": "isAt"
  }
}