{
  "experiment_id": "T1.4or5_mask_grid_mask_dbmdz_bert_base_historic_multilingual_cased_M3_L-1_-4_-7_spec10_spectral_isAt_at-test",
  "timestamp": "2026-04-30T22:54:32.480996+00:00",
  "n_instances": 188,
  "scores": {
    "global_score": 0.4465789473684211,
    "macro_recall_at": 0.3333333333333333,
    "macro_recall_isAt": 0.5598245614035088,
    "at_details": {
      "recall_TRUE": 0.0,
      "recall_PROBABLE": 0.0,
      "recall_FALSE": 1.0,
      "macro_recall": 0.3333333333333333
    },
    "isAt_details": {
      "recall_TRUE": 0.5263157894736842,
      "recall_FALSE": 0.5933333333333334,
      "macro_recall": 0.5598245614035088
    }
  },
  "at_classification_report": {
    "TRUE": {
      "precision": 0.0,
      "recall": 0.0,
      "f1-score": 0.0,
      "support": 66
    },
    "PROBABLE": {
      "precision": 0.0,
      "recall": 0.0,
      "f1-score": 0.0,
      "support": 18
    },
    "FALSE": {
      "precision": 0.5531914893617021,
      "recall": 1.0,
      "f1-score": 0.7123287671232876,
      "support": 104
    },
    "macro avg": {
      "precision": 0.1843971631205674,
      "recall": 0.3333333333333333,
      "f1-score": 0.2374429223744292,
      "support": 188
    },
    "weighted avg": {
      "precision": 0.3060208239022182,
      "recall": 0.5531914893617021,
      "f1-score": 0.39405421160011656,
      "support": 188
    }
  },
  "isAt_classification_report": {
    "TRUE": {
      "precision": 0.24691358024691357,
      "recall": 0.5263157894736842,
      "f1-score": 0.33613445378151263,
      "support": 38
    },
    "FALSE": {
      "precision": 0.8317757009345794,
      "recall": 0.5933333333333334,
      "f1-score": 0.6926070038910506,
      "support": 150
    },
    "macro avg": {
      "precision": 0.5393446405907465,
      "recall": 0.5598245614035088,
      "f1-score": 0.5143707288362815,
      "support": 188
    },
    "weighted avg": {
      "precision": 0.7135588893062215,
      "recall": 0.5797872340425532,
      "f1-score": 0.6205540416348674,
      "support": 188
    }
  },
  "at_confusion_matrix": [
    [
      0,
      0,
      66
    ],
    [
      0,
      0,
      18
    ],
    [
      0,
      0,
      104
    ]
  ],
  "isAt_confusion_matrix": [
    [
      20,
      18
    ],
    [
      61,
      89
    ]
  ],
  "at_labels": [
    "TRUE",
    "PROBABLE",
    "FALSE"
  ],
  "isAt_labels": [
    "TRUE",
    "FALSE"
  ],
  "metadata": {
    "cache": "mask_dbmdz_bert_base_historic_multilingual_cased_M3_L-1_-4_-7_spec10.npz",
    "model": "dbmdz/bert-base-historic-multilingual-cased",
    "template": "M3",
    "field": "context",
    "layers": [
      -1,
      -4,
      -7
    ],
    "feature_set": "spectral",
    "n_train": 1063,
    "n_test": 188,
    "input_dim": 10,
    "target": "isAt"
  }
}