{
  "experiment_id": "T1.4or5_mask_grid_mask_dbmdz_bert_base_historic_multilingual_cased_M5_L-1_-4_-7_spec10_mask_layers_at_at-test",
  "timestamp": "2026-04-30T22:58:34.708095+00:00",
  "n_instances": 188,
  "scores": {
    "global_score": 0.5376197876197877,
    "macro_recall_at": 0.5752395752395753,
    "macro_recall_isAt": 0.5,
    "at_details": {
      "recall_TRUE": 0.6060606060606061,
      "recall_PROBABLE": 0.3888888888888889,
      "recall_FALSE": 0.7307692307692307,
      "macro_recall": 0.5752395752395753
    },
    "isAt_details": {
      "recall_TRUE": 0.0,
      "recall_FALSE": 1.0,
      "macro_recall": 0.5
    }
  },
  "at_classification_report": {
    "TRUE": {
      "precision": 0.625,
      "recall": 0.6060606060606061,
      "f1-score": 0.6153846153846154,
      "support": 66
    },
    "PROBABLE": {
      "precision": 0.35,
      "recall": 0.3888888888888889,
      "f1-score": 0.36842105263157887,
      "support": 18
    },
    "FALSE": {
      "precision": 0.7307692307692307,
      "recall": 0.7307692307692307,
      "f1-score": 0.7307692307692306,
      "support": 104
    },
    "macro avg": {
      "precision": 0.5685897435897436,
      "recall": 0.5752395752395753,
      "f1-score": 0.5715249662618084,
      "support": 188
    },
    "weighted avg": {
      "precision": 0.6571808510638297,
      "recall": 0.6542553191489362,
      "f1-score": 0.6555689551210268,
      "support": 188
    }
  },
  "isAt_classification_report": {
    "TRUE": {
      "precision": 0.0,
      "recall": 0.0,
      "f1-score": 0.0,
      "support": 38
    },
    "FALSE": {
      "precision": 0.7978723404255319,
      "recall": 1.0,
      "f1-score": 0.8875739644970414,
      "support": 150
    },
    "macro avg": {
      "precision": 0.39893617021276595,
      "recall": 0.5,
      "f1-score": 0.4437869822485207,
      "support": 188
    },
    "weighted avg": {
      "precision": 0.6366002716161159,
      "recall": 0.7978723404255319,
      "f1-score": 0.7081707163540224,
      "support": 188
    }
  },
  "at_confusion_matrix": [
    [
      40,
      6,
      20
    ],
    [
      3,
      7,
      8
    ],
    [
      21,
      7,
      76
    ]
  ],
  "isAt_confusion_matrix": [
    [
      0,
      38
    ],
    [
      0,
      150
    ]
  ],
  "at_labels": [
    "TRUE",
    "PROBABLE",
    "FALSE"
  ],
  "isAt_labels": [
    "TRUE",
    "FALSE"
  ],
  "metadata": {
    "cache": "mask_dbmdz_bert_base_historic_multilingual_cased_M5_L-1_-4_-7_spec10.npz",
    "model": "dbmdz/bert-base-historic-multilingual-cased",
    "template": "M5",
    "field": "context",
    "layers": [
      -1,
      -4,
      -7
    ],
    "feature_set": "mask_layers",
    "n_train": 1063,
    "n_test": 188,
    "input_dim": 2304,
    "target": "at"
  }
}