{
  "experiment_id": "T1.4or5_mask_grid_mask_dbmdz_bert_base_historic_multilingual_cased_M3_L-1_-4_-7_mask_layers_at_at-test",
  "timestamp": "2026-04-30T22:52:46.279999+00:00",
  "n_instances": 188,
  "scores": {
    "global_score": 0.5484006734006734,
    "macro_recall_at": 0.5968013468013468,
    "macro_recall_isAt": 0.5,
    "at_details": {
      "recall_TRUE": 0.6515151515151515,
      "recall_PROBABLE": 0.3888888888888889,
      "recall_FALSE": 0.75,
      "macro_recall": 0.5968013468013468
    },
    "isAt_details": {
      "recall_TRUE": 0.0,
      "recall_FALSE": 1.0,
      "macro_recall": 0.5
    }
  },
  "at_classification_report": {
    "TRUE": {
      "precision": 0.6323529411764706,
      "recall": 0.6515151515151515,
      "f1-score": 0.6417910447761194,
      "support": 66
    },
    "PROBABLE": {
      "precision": 0.35,
      "recall": 0.3888888888888889,
      "f1-score": 0.36842105263157887,
      "support": 18
    },
    "FALSE": {
      "precision": 0.78,
      "recall": 0.75,
      "f1-score": 0.7647058823529411,
      "support": 104
    },
    "macro avg": {
      "precision": 0.5874509803921568,
      "recall": 0.5968013468013468,
      "f1-score": 0.5916393265868798,
      "support": 188
    },
    "weighted avg": {
      "precision": 0.6869962453066333,
      "recall": 0.6808510638297872,
      "f1-score": 0.6836127641877563,
      "support": 188
    }
  },
  "isAt_classification_report": {
    "TRUE": {
      "precision": 0.0,
      "recall": 0.0,
      "f1-score": 0.0,
      "support": 38
    },
    "FALSE": {
      "precision": 0.7978723404255319,
      "recall": 1.0,
      "f1-score": 0.8875739644970414,
      "support": 150
    },
    "macro avg": {
      "precision": 0.39893617021276595,
      "recall": 0.5,
      "f1-score": 0.4437869822485207,
      "support": 188
    },
    "weighted avg": {
      "precision": 0.6366002716161159,
      "recall": 0.7978723404255319,
      "f1-score": 0.7081707163540224,
      "support": 188
    }
  },
  "at_confusion_matrix": [
    [
      43,
      6,
      17
    ],
    [
      6,
      7,
      5
    ],
    [
      19,
      7,
      78
    ]
  ],
  "isAt_confusion_matrix": [
    [
      0,
      38
    ],
    [
      0,
      150
    ]
  ],
  "at_labels": [
    "TRUE",
    "PROBABLE",
    "FALSE"
  ],
  "isAt_labels": [
    "TRUE",
    "FALSE"
  ],
  "metadata": {
    "cache": "mask_dbmdz_bert_base_historic_multilingual_cased_M3_L-1_-4_-7.npz",
    "model": "dbmdz/bert-base-historic-multilingual-cased",
    "template": "M3",
    "field": "context",
    "layers": [
      -1,
      -4,
      -7
    ],
    "feature_set": "mask_layers",
    "n_train": 1063,
    "n_test": 188,
    "input_dim": 2304,
    "target": "at"
  }
}