{
  "experiment_id": "T1.4or5_mask_grid_mask_dbmdz_bert_base_historic_multilingual_cased_M4_L-1_-4_-7_spec10_mask_layers_at_at-test",
  "timestamp": "2026-04-30T22:56:22.825312+00:00",
  "n_instances": 188,
  "scores": {
    "global_score": 0.5507640507640508,
    "macro_recall_at": 0.6015281015281015,
    "macro_recall_isAt": 0.5,
    "at_details": {
      "recall_TRUE": 0.5909090909090909,
      "recall_PROBABLE": 0.4444444444444444,
      "recall_FALSE": 0.7692307692307693,
      "macro_recall": 0.6015281015281015
    },
    "isAt_details": {
      "recall_TRUE": 0.0,
      "recall_FALSE": 1.0,
      "macro_recall": 0.5
    }
  },
  "at_classification_report": {
    "TRUE": {
      "precision": 0.6290322580645161,
      "recall": 0.5909090909090909,
      "f1-score": 0.609375,
      "support": 66
    },
    "PROBABLE": {
      "precision": 0.4,
      "recall": 0.4444444444444444,
      "f1-score": 0.4210526315789474,
      "support": 18
    },
    "FALSE": {
      "precision": 0.7547169811320755,
      "recall": 0.7692307692307693,
      "f1-score": 0.7619047619047619,
      "support": 104
    },
    "macro avg": {
      "precision": 0.5945830797321973,
      "recall": 0.6015281015281015,
      "f1-score": 0.5974441311612364,
      "support": 188
    },
    "weighted avg": {
      "precision": 0.6766313567552869,
      "recall": 0.675531914893617,
      "f1-score": 0.675722301098491,
      "support": 188
    }
  },
  "isAt_classification_report": {
    "TRUE": {
      "precision": 0.0,
      "recall": 0.0,
      "f1-score": 0.0,
      "support": 38
    },
    "FALSE": {
      "precision": 0.7978723404255319,
      "recall": 1.0,
      "f1-score": 0.8875739644970414,
      "support": 150
    },
    "macro avg": {
      "precision": 0.39893617021276595,
      "recall": 0.5,
      "f1-score": 0.4437869822485207,
      "support": 188
    },
    "weighted avg": {
      "precision": 0.6366002716161159,
      "recall": 0.7978723404255319,
      "f1-score": 0.7081707163540224,
      "support": 188
    }
  },
  "at_confusion_matrix": [
    [
      39,
      8,
      19
    ],
    [
      3,
      8,
      7
    ],
    [
      20,
      4,
      80
    ]
  ],
  "isAt_confusion_matrix": [
    [
      0,
      38
    ],
    [
      0,
      150
    ]
  ],
  "at_labels": [
    "TRUE",
    "PROBABLE",
    "FALSE"
  ],
  "isAt_labels": [
    "TRUE",
    "FALSE"
  ],
  "metadata": {
    "cache": "mask_dbmdz_bert_base_historic_multilingual_cased_M4_L-1_-4_-7_spec10.npz",
    "model": "dbmdz/bert-base-historic-multilingual-cased",
    "template": "M4",
    "field": "context",
    "layers": [
      -1,
      -4,
      -7
    ],
    "feature_set": "mask_layers",
    "n_train": 1063,
    "n_test": 188,
    "input_dim": 2304,
    "target": "at"
  }
}