{
  "experiment_id": "T1.4or5_mask_grid_mask_dbmdz_bert_base_historic_multilingual_cased_M5_L-1_-4_-7_spec10_concat_l_t_at_at-test",
  "timestamp": "2026-04-30T22:59:06.367274+00:00",
  "n_instances": 188,
  "scores": {
    "global_score": 0.5474779849779849,
    "macro_recall_at": 0.59495596995597,
    "macro_recall_isAt": 0.5,
    "at_details": {
      "recall_TRUE": 0.6363636363636364,
      "recall_PROBABLE": 0.3888888888888889,
      "recall_FALSE": 0.7596153846153846,
      "macro_recall": 0.59495596995597
    },
    "isAt_details": {
      "recall_TRUE": 0.0,
      "recall_FALSE": 1.0,
      "macro_recall": 0.5
    }
  },
  "at_classification_report": {
    "TRUE": {
      "precision": 0.6666666666666666,
      "recall": 0.6363636363636364,
      "f1-score": 0.6511627906976744,
      "support": 66
    },
    "PROBABLE": {
      "precision": 0.3888888888888889,
      "recall": 0.3888888888888889,
      "f1-score": 0.3888888888888889,
      "support": 18
    },
    "FALSE": {
      "precision": 0.7383177570093458,
      "recall": 0.7596153846153846,
      "f1-score": 0.7488151658767772,
      "support": 104
    },
    "macro avg": {
      "precision": 0.5979577708549672,
      "recall": 0.59495596995597,
      "f1-score": 0.5962889484877801,
      "support": 188
    },
    "weighted avg": {
      "precision": 0.6797076953668721,
      "recall": 0.6808510638297872,
      "f1-score": 0.6800719225384646,
      "support": 188
    }
  },
  "isAt_classification_report": {
    "TRUE": {
      "precision": 0.0,
      "recall": 0.0,
      "f1-score": 0.0,
      "support": 38
    },
    "FALSE": {
      "precision": 0.7978723404255319,
      "recall": 1.0,
      "f1-score": 0.8875739644970414,
      "support": 150
    },
    "macro avg": {
      "precision": 0.39893617021276595,
      "recall": 0.5,
      "f1-score": 0.4437869822485207,
      "support": 188
    },
    "weighted avg": {
      "precision": 0.6366002716161159,
      "recall": 0.7978723404255319,
      "f1-score": 0.7081707163540224,
      "support": 188
    }
  },
  "at_confusion_matrix": [
    [
      42,
      4,
      20
    ],
    [
      3,
      7,
      8
    ],
    [
      18,
      7,
      79
    ]
  ],
  "isAt_confusion_matrix": [
    [
      0,
      38
    ],
    [
      0,
      150
    ]
  ],
  "at_labels": [
    "TRUE",
    "PROBABLE",
    "FALSE"
  ],
  "isAt_labels": [
    "TRUE",
    "FALSE"
  ],
  "metadata": {
    "cache": "mask_dbmdz_bert_base_historic_multilingual_cased_M5_L-1_-4_-7_spec10.npz",
    "model": "dbmdz/bert-base-historic-multilingual-cased",
    "template": "M5",
    "field": "context",
    "layers": [
      -1,
      -4,
      -7
    ],
    "feature_set": "concat_l_t",
    "n_train": 1063,
    "n_test": 188,
    "input_dim": 3855,
    "target": "at"
  }
}