{
  "experiment_id": "T1.4or5_mask_grid_mask_dbmdz_bert_base_historic_multilingual_cased_M4_L-1_-4_-7_spec10_concat_spec_isAt_at-test",
  "timestamp": "2026-04-30T22:57:15.089455+00:00",
  "n_instances": 188,
  "scores": {
    "global_score": 0.5544736842105263,
    "macro_recall_at": 0.3333333333333333,
    "macro_recall_isAt": 0.7756140350877193,
    "at_details": {
      "recall_TRUE": 0.0,
      "recall_PROBABLE": 0.0,
      "recall_FALSE": 1.0,
      "macro_recall": 0.3333333333333333
    },
    "isAt_details": {
      "recall_TRUE": 0.6578947368421053,
      "recall_FALSE": 0.8933333333333333,
      "macro_recall": 0.7756140350877193
    }
  },
  "at_classification_report": {
    "TRUE": {
      "precision": 0.0,
      "recall": 0.0,
      "f1-score": 0.0,
      "support": 66
    },
    "PROBABLE": {
      "precision": 0.0,
      "recall": 0.0,
      "f1-score": 0.0,
      "support": 18
    },
    "FALSE": {
      "precision": 0.5531914893617021,
      "recall": 1.0,
      "f1-score": 0.7123287671232876,
      "support": 104
    },
    "macro avg": {
      "precision": 0.1843971631205674,
      "recall": 0.3333333333333333,
      "f1-score": 0.2374429223744292,
      "support": 188
    },
    "weighted avg": {
      "precision": 0.3060208239022182,
      "recall": 0.5531914893617021,
      "f1-score": 0.39405421160011656,
      "support": 188
    }
  },
  "isAt_classification_report": {
    "TRUE": {
      "precision": 0.6097560975609756,
      "recall": 0.6578947368421053,
      "f1-score": 0.6329113924050632,
      "support": 38
    },
    "FALSE": {
      "precision": 0.9115646258503401,
      "recall": 0.8933333333333333,
      "f1-score": 0.9023569023569025,
      "support": 150
    },
    "macro avg": {
      "precision": 0.7606603617056579,
      "recall": 0.7756140350877193,
      "f1-score": 0.7676341473809829,
      "support": 188
    },
    "weighted avg": {
      "precision": 0.8505607743875964,
      "recall": 0.8457446808510638,
      "f1-score": 0.8478945120474881,
      "support": 188
    }
  },
  "at_confusion_matrix": [
    [
      0,
      0,
      66
    ],
    [
      0,
      0,
      18
    ],
    [
      0,
      0,
      104
    ]
  ],
  "isAt_confusion_matrix": [
    [
      25,
      13
    ],
    [
      16,
      134
    ]
  ],
  "at_labels": [
    "TRUE",
    "PROBABLE",
    "FALSE"
  ],
  "isAt_labels": [
    "TRUE",
    "FALSE"
  ],
  "metadata": {
    "cache": "mask_dbmdz_bert_base_historic_multilingual_cased_M4_L-1_-4_-7_spec10.npz",
    "model": "dbmdz/bert-base-historic-multilingual-cased",
    "template": "M4",
    "field": "context",
    "layers": [
      -1,
      -4,
      -7
    ],
    "feature_set": "concat_spec",
    "n_train": 1063,
    "n_test": 188,
    "input_dim": 2329,
    "target": "isAt"
  }
}