{
  "experiment_id": "T1.4or5_mask_grid_mask_dbmdz_bert_base_historic_multilingual_cased_M2_L-1_-4_-7_mask_layers_isAt_at-test",
  "timestamp": "2026-04-30T22:50:09.557604+00:00",
  "n_instances": 188,
  "scores": {
    "global_score": 0.5034210526315789,
    "macro_recall_at": 0.3333333333333333,
    "macro_recall_isAt": 0.6735087719298245,
    "at_details": {
      "recall_TRUE": 0.0,
      "recall_PROBABLE": 0.0,
      "recall_FALSE": 1.0,
      "macro_recall": 0.3333333333333333
    },
    "isAt_details": {
      "recall_TRUE": 0.47368421052631576,
      "recall_FALSE": 0.8733333333333333,
      "macro_recall": 0.6735087719298245
    }
  },
  "at_classification_report": {
    "TRUE": {
      "precision": 0.0,
      "recall": 0.0,
      "f1-score": 0.0,
      "support": 66
    },
    "PROBABLE": {
      "precision": 0.0,
      "recall": 0.0,
      "f1-score": 0.0,
      "support": 18
    },
    "FALSE": {
      "precision": 0.5531914893617021,
      "recall": 1.0,
      "f1-score": 0.7123287671232876,
      "support": 104
    },
    "macro avg": {
      "precision": 0.1843971631205674,
      "recall": 0.3333333333333333,
      "f1-score": 0.2374429223744292,
      "support": 188
    },
    "weighted avg": {
      "precision": 0.3060208239022182,
      "recall": 0.5531914893617021,
      "f1-score": 0.39405421160011656,
      "support": 188
    }
  },
  "isAt_classification_report": {
    "TRUE": {
      "precision": 0.4864864864864865,
      "recall": 0.47368421052631576,
      "f1-score": 0.4799999999999999,
      "support": 38
    },
    "FALSE": {
      "precision": 0.8675496688741722,
      "recall": 0.8733333333333333,
      "f1-score": 0.8704318936877077,
      "support": 150
    },
    "macro avg": {
      "precision": 0.6770180776803294,
      "recall": 0.6735087719298245,
      "f1-score": 0.6752159468438538,
      "support": 188
    },
    "weighted avg": {
      "precision": 0.7905262596681506,
      "recall": 0.7925531914893617,
      "f1-score": 0.7915148087933839,
      "support": 188
    }
  },
  "at_confusion_matrix": [
    [
      0,
      0,
      66
    ],
    [
      0,
      0,
      18
    ],
    [
      0,
      0,
      104
    ]
  ],
  "isAt_confusion_matrix": [
    [
      18,
      20
    ],
    [
      19,
      131
    ]
  ],
  "at_labels": [
    "TRUE",
    "PROBABLE",
    "FALSE"
  ],
  "isAt_labels": [
    "TRUE",
    "FALSE"
  ],
  "metadata": {
    "cache": "mask_dbmdz_bert_base_historic_multilingual_cased_M2_L-1_-4_-7.npz",
    "model": "dbmdz/bert-base-historic-multilingual-cased",
    "template": "M2",
    "field": "context",
    "layers": [
      -1,
      -4,
      -7
    ],
    "feature_set": "mask_layers",
    "n_train": 1063,
    "n_test": 188,
    "input_dim": 2304,
    "target": "isAt"
  }
}