{
  "experiment_id": "T1.4or5_mask_grid_mask_dbmdz_bert_base_historic_multilingual_cased_M2_L-1_-4_-7_mask_isAt_at-test",
  "timestamp": "2026-04-30T22:49:55.203828+00:00",
  "n_instances": 188,
  "scores": {
    "global_score": 0.5279824561403509,
    "macro_recall_at": 0.3333333333333333,
    "macro_recall_isAt": 0.7226315789473684,
    "at_details": {
      "recall_TRUE": 0.0,
      "recall_PROBABLE": 0.0,
      "recall_FALSE": 1.0,
      "macro_recall": 0.3333333333333333
    },
    "isAt_details": {
      "recall_TRUE": 0.6052631578947368,
      "recall_FALSE": 0.84,
      "macro_recall": 0.7226315789473684
    }
  },
  "at_classification_report": {
    "TRUE": {
      "precision": 0.0,
      "recall": 0.0,
      "f1-score": 0.0,
      "support": 66
    },
    "PROBABLE": {
      "precision": 0.0,
      "recall": 0.0,
      "f1-score": 0.0,
      "support": 18
    },
    "FALSE": {
      "precision": 0.5531914893617021,
      "recall": 1.0,
      "f1-score": 0.7123287671232876,
      "support": 104
    },
    "macro avg": {
      "precision": 0.1843971631205674,
      "recall": 0.3333333333333333,
      "f1-score": 0.2374429223744292,
      "support": 188
    },
    "weighted avg": {
      "precision": 0.3060208239022182,
      "recall": 0.5531914893617021,
      "f1-score": 0.39405421160011656,
      "support": 188
    }
  },
  "isAt_classification_report": {
    "TRUE": {
      "precision": 0.48936170212765956,
      "recall": 0.6052631578947368,
      "f1-score": 0.5411764705882353,
      "support": 38
    },
    "FALSE": {
      "precision": 0.8936170212765957,
      "recall": 0.84,
      "f1-score": 0.8659793814432989,
      "support": 150
    },
    "macro avg": {
      "precision": 0.6914893617021276,
      "recall": 0.7226315789473684,
      "f1-score": 0.7035779260157671,
      "support": 188
    },
    "weighted avg": {
      "precision": 0.8119058397464916,
      "recall": 0.7925531914893617,
      "f1-score": 0.8003277292491903,
      "support": 188
    }
  },
  "at_confusion_matrix": [
    [
      0,
      0,
      66
    ],
    [
      0,
      0,
      18
    ],
    [
      0,
      0,
      104
    ]
  ],
  "isAt_confusion_matrix": [
    [
      23,
      15
    ],
    [
      24,
      126
    ]
  ],
  "at_labels": [
    "TRUE",
    "PROBABLE",
    "FALSE"
  ],
  "isAt_labels": [
    "TRUE",
    "FALSE"
  ],
  "metadata": {
    "cache": "mask_dbmdz_bert_base_historic_multilingual_cased_M2_L-1_-4_-7.npz",
    "model": "dbmdz/bert-base-historic-multilingual-cased",
    "template": "M2",
    "field": "context",
    "layers": [
      -1,
      -4,
      -7
    ],
    "feature_set": "mask",
    "n_train": 1063,
    "n_test": 188,
    "input_dim": 768,
    "target": "isAt"
  }
}