{
  "experiment_id": "T1.4or5_mask_grid_handcrafted_rf_isAt_at-test",
  "timestamp": "2026-04-30T22:48:23.617809+00:00",
  "n_instances": 188,
  "scores": {
    "global_score": 0.5233333333333333,
    "macro_recall_at": 0.3333333333333333,
    "macro_recall_isAt": 0.7133333333333334,
    "at_details": {
      "recall_TRUE": 0.0,
      "recall_PROBABLE": 0.0,
      "recall_FALSE": 1.0,
      "macro_recall": 0.3333333333333333
    },
    "isAt_details": {
      "recall_TRUE": 0.5,
      "recall_FALSE": 0.9266666666666666,
      "macro_recall": 0.7133333333333334
    }
  },
  "at_classification_report": {
    "TRUE": {
      "precision": 0.0,
      "recall": 0.0,
      "f1-score": 0.0,
      "support": 66
    },
    "PROBABLE": {
      "precision": 0.0,
      "recall": 0.0,
      "f1-score": 0.0,
      "support": 18
    },
    "FALSE": {
      "precision": 0.5531914893617021,
      "recall": 1.0,
      "f1-score": 0.7123287671232876,
      "support": 104
    },
    "macro avg": {
      "precision": 0.1843971631205674,
      "recall": 0.3333333333333333,
      "f1-score": 0.2374429223744292,
      "support": 188
    },
    "weighted avg": {
      "precision": 0.3060208239022182,
      "recall": 0.5531914893617021,
      "f1-score": 0.39405421160011656,
      "support": 188
    }
  },
  "isAt_classification_report": {
    "TRUE": {
      "precision": 0.6333333333333333,
      "recall": 0.5,
      "f1-score": 0.5588235294117647,
      "support": 38
    },
    "FALSE": {
      "precision": 0.879746835443038,
      "recall": 0.9266666666666666,
      "f1-score": 0.9025974025974027,
      "support": 150
    },
    "macro avg": {
      "precision": 0.7565400843881857,
      "recall": 0.7133333333333334,
      "f1-score": 0.7307104660045838,
      "support": 188
    },
    "weighted avg": {
      "precision": 0.8299398509740552,
      "recall": 0.8404255319148937,
      "f1-score": 0.8331111941875395,
      "support": 188
    }
  },
  "at_confusion_matrix": [
    [
      0,
      0,
      66
    ],
    [
      0,
      0,
      18
    ],
    [
      0,
      0,
      104
    ]
  ],
  "isAt_confusion_matrix": [
    [
      19,
      19
    ],
    [
      11,
      139
    ]
  ],
  "at_labels": [
    "TRUE",
    "PROBABLE",
    "FALSE"
  ],
  "isAt_labels": [
    "TRUE",
    "FALSE"
  ],
  "metadata": {
    "feature_set": "handcrafted",
    "target": "isAt",
    "n_train": 1063,
    "n_test": 188,
    "input_dim": 36
  }
}