{
  "experiment_id": "T1.4or5_mask_grid_mask_dbmdz_bert_base_historic_multilingual_cased_M3_L-1_-4_-7_spec10_mask_at_at-test",
  "timestamp": "2026-04-30T22:53:36.750434+00:00",
  "n_instances": 188,
  "scores": {
    "global_score": 0.5736531986531987,
    "macro_recall_at": 0.6473063973063974,
    "macro_recall_isAt": 0.5,
    "at_details": {
      "recall_TRUE": 0.6363636363636364,
      "recall_PROBABLE": 0.5555555555555556,
      "recall_FALSE": 0.75,
      "macro_recall": 0.6473063973063974
    },
    "isAt_details": {
      "recall_TRUE": 0.0,
      "recall_FALSE": 1.0,
      "macro_recall": 0.5
    }
  },
  "at_classification_report": {
    "TRUE": {
      "precision": 0.6268656716417911,
      "recall": 0.6363636363636364,
      "f1-score": 0.6315789473684211,
      "support": 66
    },
    "PROBABLE": {
      "precision": 0.4166666666666667,
      "recall": 0.5555555555555556,
      "f1-score": 0.4761904761904762,
      "support": 18
    },
    "FALSE": {
      "precision": 0.8041237113402062,
      "recall": 0.75,
      "f1-score": 0.7761194029850748,
      "support": 104
    },
    "macro avg": {
      "precision": 0.615885349882888,
      "recall": 0.6473063973063974,
      "f1-score": 0.6279629421813241,
      "support": 188
    },
    "weighted avg": {
      "precision": 0.7047978739773385,
      "recall": 0.6914893617021277,
      "f1-score": 0.6966598777031496,
      "support": 188
    }
  },
  "isAt_classification_report": {
    "TRUE": {
      "precision": 0.0,
      "recall": 0.0,
      "f1-score": 0.0,
      "support": 38
    },
    "FALSE": {
      "precision": 0.7978723404255319,
      "recall": 1.0,
      "f1-score": 0.8875739644970414,
      "support": 150
    },
    "macro avg": {
      "precision": 0.39893617021276595,
      "recall": 0.5,
      "f1-score": 0.4437869822485207,
      "support": 188
    },
    "weighted avg": {
      "precision": 0.6366002716161159,
      "recall": 0.7978723404255319,
      "f1-score": 0.7081707163540224,
      "support": 188
    }
  },
  "at_confusion_matrix": [
    [
      42,
      9,
      15
    ],
    [
      4,
      10,
      4
    ],
    [
      21,
      5,
      78
    ]
  ],
  "isAt_confusion_matrix": [
    [
      0,
      38
    ],
    [
      0,
      150
    ]
  ],
  "at_labels": [
    "TRUE",
    "PROBABLE",
    "FALSE"
  ],
  "isAt_labels": [
    "TRUE",
    "FALSE"
  ],
  "metadata": {
    "cache": "mask_dbmdz_bert_base_historic_multilingual_cased_M3_L-1_-4_-7_spec10.npz",
    "model": "dbmdz/bert-base-historic-multilingual-cased",
    "template": "M3",
    "field": "context",
    "layers": [
      -1,
      -4,
      -7
    ],
    "feature_set": "mask",
    "n_train": 1063,
    "n_test": 188,
    "input_dim": 768,
    "target": "at"
  }
}