{
  "experiment_id": "T1.4or5_mask_grid_mask_dbmdz_bert_base_historic_multilingual_cased_M2_spec10_concat_t_at_at-test",
  "timestamp": "2026-04-30T22:52:12.225020+00:00",
  "n_instances": 188,
  "scores": {
    "global_score": 0.5350135975135974,
    "macro_recall_at": 0.570027195027195,
    "macro_recall_isAt": 0.5,
    "at_details": {
      "recall_TRUE": 0.6363636363636364,
      "recall_PROBABLE": 0.3333333333333333,
      "recall_FALSE": 0.7403846153846154,
      "macro_recall": 0.570027195027195
    },
    "isAt_details": {
      "recall_TRUE": 0.0,
      "recall_FALSE": 1.0,
      "macro_recall": 0.5
    }
  },
  "at_classification_report": {
    "TRUE": {
      "precision": 0.6086956521739131,
      "recall": 0.6363636363636364,
      "f1-score": 0.6222222222222223,
      "support": 66
    },
    "PROBABLE": {
      "precision": 0.42857142857142855,
      "recall": 0.3333333333333333,
      "f1-score": 0.375,
      "support": 18
    },
    "FALSE": {
      "precision": 0.7333333333333333,
      "recall": 0.7403846153846154,
      "f1-score": 0.7368421052631577,
      "support": 104
    },
    "macro avg": {
      "precision": 0.590200138026225,
      "recall": 0.570027195027195,
      "f1-score": 0.5780214424951268,
      "support": 188
    },
    "weighted avg": {
      "precision": 0.6603982203427162,
      "recall": 0.6648936170212766,
      "f1-score": 0.6619587532661441,
      "support": 188
    }
  },
  "isAt_classification_report": {
    "TRUE": {
      "precision": 0.0,
      "recall": 0.0,
      "f1-score": 0.0,
      "support": 38
    },
    "FALSE": {
      "precision": 0.7978723404255319,
      "recall": 1.0,
      "f1-score": 0.8875739644970414,
      "support": 150
    },
    "macro avg": {
      "precision": 0.39893617021276595,
      "recall": 0.5,
      "f1-score": 0.4437869822485207,
      "support": 188
    },
    "weighted avg": {
      "precision": 0.6366002716161159,
      "recall": 0.7978723404255319,
      "f1-score": 0.7081707163540224,
      "support": 188
    }
  },
  "at_confusion_matrix": [
    [
      42,
      5,
      19
    ],
    [
      3,
      6,
      9
    ],
    [
      24,
      3,
      77
    ]
  ],
  "isAt_confusion_matrix": [
    [
      0,
      38
    ],
    [
      0,
      150
    ]
  ],
  "at_labels": [
    "TRUE",
    "PROBABLE",
    "FALSE"
  ],
  "isAt_labels": [
    "TRUE",
    "FALSE"
  ],
  "metadata": {
    "cache": "mask_dbmdz_bert_base_historic_multilingual_cased_M2_spec10.npz",
    "model": "dbmdz/bert-base-historic-multilingual-cased",
    "template": "M2",
    "field": "context",
    "layers": [
      -1
    ],
    "feature_set": "concat_t",
    "n_train": 1063,
    "n_test": 188,
    "input_dim": 2319,
    "target": "at"
  }
}