{
  "experiment_id": "T1.4or5_mask_grid_mask_dbmdz_bert_base_historic_multilingual_cased_M3_L-1_-4_-7_concat_t_at_at-test",
  "timestamp": "2026-04-30T22:52:55.668246+00:00",
  "n_instances": 188,
  "scores": {
    "global_score": 0.523989898989899,
    "macro_recall_at": 0.5479797979797979,
    "macro_recall_isAt": 0.5,
    "at_details": {
      "recall_TRUE": 0.5606060606060606,
      "recall_PROBABLE": 0.3333333333333333,
      "recall_FALSE": 0.75,
      "macro_recall": 0.5479797979797979
    },
    "isAt_details": {
      "recall_TRUE": 0.0,
      "recall_FALSE": 1.0,
      "macro_recall": 0.5
    }
  },
  "at_classification_report": {
    "TRUE": {
      "precision": 0.6491228070175439,
      "recall": 0.5606060606060606,
      "f1-score": 0.6016260162601625,
      "support": 66
    },
    "PROBABLE": {
      "precision": 0.2727272727272727,
      "recall": 0.3333333333333333,
      "f1-score": 0.3,
      "support": 18
    },
    "FALSE": {
      "precision": 0.7155963302752294,
      "recall": 0.75,
      "f1-score": 0.732394366197183,
      "support": 104
    },
    "macro avg": {
      "precision": 0.5458154700066821,
      "recall": 0.5479797979797979,
      "f1-score": 0.5446734608191152,
      "support": 188
    },
    "weighted avg": {
      "precision": 0.649857524047195,
      "recall": 0.6436170212765957,
      "f1-score": 0.645086867859988,
      "support": 188
    }
  },
  "isAt_classification_report": {
    "TRUE": {
      "precision": 0.0,
      "recall": 0.0,
      "f1-score": 0.0,
      "support": 38
    },
    "FALSE": {
      "precision": 0.7978723404255319,
      "recall": 1.0,
      "f1-score": 0.8875739644970414,
      "support": 150
    },
    "macro avg": {
      "precision": 0.39893617021276595,
      "recall": 0.5,
      "f1-score": 0.4437869822485207,
      "support": 188
    },
    "weighted avg": {
      "precision": 0.6366002716161159,
      "recall": 0.7978723404255319,
      "f1-score": 0.7081707163540224,
      "support": 188
    }
  },
  "at_confusion_matrix": [
    [
      37,
      8,
      21
    ],
    [
      2,
      6,
      10
    ],
    [
      18,
      8,
      78
    ]
  ],
  "isAt_confusion_matrix": [
    [
      0,
      38
    ],
    [
      0,
      150
    ]
  ],
  "at_labels": [
    "TRUE",
    "PROBABLE",
    "FALSE"
  ],
  "isAt_labels": [
    "TRUE",
    "FALSE"
  ],
  "metadata": {
    "cache": "mask_dbmdz_bert_base_historic_multilingual_cased_M3_L-1_-4_-7.npz",
    "model": "dbmdz/bert-base-historic-multilingual-cased",
    "template": "M3",
    "field": "context",
    "layers": [
      -1,
      -4,
      -7
    ],
    "feature_set": "concat_t",
    "n_train": 1063,
    "n_test": 188,
    "input_dim": 2319,
    "target": "at"
  }
}