{
  "experiment_id": "T1.4or5_mask_grid_mask_xlm_roberta_base_M2_L-1_-4_-7_spec10_concat_spec_isAt_at-test",
  "timestamp": "2026-04-30T23:02:23.437799+00:00",
  "n_instances": 188,
  "scores": {
    "global_score": 0.5314035087719298,
    "macro_recall_at": 0.3333333333333333,
    "macro_recall_isAt": 0.7294736842105263,
    "at_details": {
      "recall_TRUE": 0.0,
      "recall_PROBABLE": 0.0,
      "recall_FALSE": 1.0,
      "macro_recall": 0.3333333333333333
    },
    "isAt_details": {
      "recall_TRUE": 0.5789473684210527,
      "recall_FALSE": 0.88,
      "macro_recall": 0.7294736842105263
    }
  },
  "at_classification_report": {
    "TRUE": {
      "precision": 0.0,
      "recall": 0.0,
      "f1-score": 0.0,
      "support": 66
    },
    "PROBABLE": {
      "precision": 0.0,
      "recall": 0.0,
      "f1-score": 0.0,
      "support": 18
    },
    "FALSE": {
      "precision": 0.5531914893617021,
      "recall": 1.0,
      "f1-score": 0.7123287671232876,
      "support": 104
    },
    "macro avg": {
      "precision": 0.1843971631205674,
      "recall": 0.3333333333333333,
      "f1-score": 0.2374429223744292,
      "support": 188
    },
    "weighted avg": {
      "precision": 0.3060208239022182,
      "recall": 0.5531914893617021,
      "f1-score": 0.39405421160011656,
      "support": 188
    }
  },
  "isAt_classification_report": {
    "TRUE": {
      "precision": 0.55,
      "recall": 0.5789473684210527,
      "f1-score": 0.5641025641025641,
      "support": 38
    },
    "FALSE": {
      "precision": 0.8918918918918919,
      "recall": 0.88,
      "f1-score": 0.8859060402684563,
      "support": 150
    },
    "macro avg": {
      "precision": 0.720945945945946,
      "recall": 0.7294736842105263,
      "f1-score": 0.7250043021855102,
      "support": 188
    },
    "weighted avg": {
      "precision": 0.8227860839562967,
      "recall": 0.8191489361702128,
      "f1-score": 0.8208606567881164,
      "support": 188
    }
  },
  "at_confusion_matrix": [
    [
      0,
      0,
      66
    ],
    [
      0,
      0,
      18
    ],
    [
      0,
      0,
      104
    ]
  ],
  "isAt_confusion_matrix": [
    [
      22,
      16
    ],
    [
      18,
      132
    ]
  ],
  "at_labels": [
    "TRUE",
    "PROBABLE",
    "FALSE"
  ],
  "isAt_labels": [
    "TRUE",
    "FALSE"
  ],
  "metadata": {
    "cache": "mask_xlm_roberta_base_M2_L-1_-4_-7_spec10.npz",
    "model": "xlm-roberta-base",
    "template": "M2",
    "field": "context",
    "layers": [
      -1,
      -4,
      -7
    ],
    "feature_set": "concat_spec",
    "n_train": 1063,
    "n_test": 188,
    "input_dim": 2329,
    "target": "isAt"
  }
}