{
  "experiment_id": "T1.4or5_mask_grid_mask_xlm_roberta_large_M2_L-1_-4_-7_spec10_mask_isAt_at-test",
  "timestamp": "2026-04-30T23:04:03.576245+00:00",
  "n_instances": 188,
  "scores": {
    "global_score": 0.4570175438596491,
    "macro_recall_at": 0.3333333333333333,
    "macro_recall_isAt": 0.5807017543859649,
    "at_details": {
      "recall_TRUE": 0.0,
      "recall_PROBABLE": 0.0,
      "recall_FALSE": 1.0,
      "macro_recall": 0.3333333333333333
    },
    "isAt_details": {
      "recall_TRUE": 0.39473684210526316,
      "recall_FALSE": 0.7666666666666667,
      "macro_recall": 0.5807017543859649
    }
  },
  "at_classification_report": {
    "TRUE": {
      "precision": 0.0,
      "recall": 0.0,
      "f1-score": 0.0,
      "support": 66
    },
    "PROBABLE": {
      "precision": 0.0,
      "recall": 0.0,
      "f1-score": 0.0,
      "support": 18
    },
    "FALSE": {
      "precision": 0.5531914893617021,
      "recall": 1.0,
      "f1-score": 0.7123287671232876,
      "support": 104
    },
    "macro avg": {
      "precision": 0.1843971631205674,
      "recall": 0.3333333333333333,
      "f1-score": 0.2374429223744292,
      "support": 188
    },
    "weighted avg": {
      "precision": 0.3060208239022182,
      "recall": 0.5531914893617021,
      "f1-score": 0.39405421160011656,
      "support": 188
    }
  },
  "isAt_classification_report": {
    "TRUE": {
      "precision": 0.3,
      "recall": 0.39473684210526316,
      "f1-score": 0.34090909090909094,
      "support": 38
    },
    "FALSE": {
      "precision": 0.8333333333333334,
      "recall": 0.7666666666666667,
      "f1-score": 0.7986111111111112,
      "support": 150
    },
    "macro avg": {
      "precision": 0.5666666666666667,
      "recall": 0.5807017543859649,
      "f1-score": 0.569760101010101,
      "support": 188
    },
    "weighted avg": {
      "precision": 0.725531914893617,
      "recall": 0.6914893617021277,
      "f1-score": 0.7060968729851709,
      "support": 188
    }
  },
  "at_confusion_matrix": [
    [
      0,
      0,
      66
    ],
    [
      0,
      0,
      18
    ],
    [
      0,
      0,
      104
    ]
  ],
  "isAt_confusion_matrix": [
    [
      15,
      23
    ],
    [
      35,
      115
    ]
  ],
  "at_labels": [
    "TRUE",
    "PROBABLE",
    "FALSE"
  ],
  "isAt_labels": [
    "TRUE",
    "FALSE"
  ],
  "metadata": {
    "cache": "mask_xlm_roberta_large_M2_L-1_-4_-7_spec10.npz",
    "model": "xlm-roberta-large",
    "template": "M2",
    "field": "context",
    "layers": [
      -1,
      -4,
      -7
    ],
    "feature_set": "mask",
    "n_train": 1063,
    "n_test": 188,
    "input_dim": 1024,
    "target": "isAt"
  }
}