{
  "experiment_id": "T1.4or5_mask_grid_mask_dbmdz_bert_base_historic_multilingual_cased_M1_L-1_-4_-7_mask_at_at-test",
  "timestamp": "2026-04-30T22:47:40.724903+00:00",
  "n_instances": 188,
  "scores": {
    "global_score": 0.4956617456617457,
    "macro_recall_at": 0.49132349132349135,
    "macro_recall_isAt": 0.5,
    "at_details": {
      "recall_TRUE": 0.4696969696969697,
      "recall_PROBABLE": 0.3888888888888889,
      "recall_FALSE": 0.6153846153846154,
      "macro_recall": 0.49132349132349135
    },
    "isAt_details": {
      "recall_TRUE": 0.0,
      "recall_FALSE": 1.0,
      "macro_recall": 0.5
    }
  },
  "at_classification_report": {
    "TRUE": {
      "precision": 0.5166666666666667,
      "recall": 0.4696969696969697,
      "f1-score": 0.4920634920634921,
      "support": 66
    },
    "PROBABLE": {
      "precision": 0.22580645161290322,
      "recall": 0.3888888888888889,
      "f1-score": 0.2857142857142857,
      "support": 18
    },
    "FALSE": {
      "precision": 0.6597938144329897,
      "recall": 0.6153846153846154,
      "f1-score": 0.63681592039801,
      "support": 104
    },
    "macro avg": {
      "precision": 0.46742231090418657,
      "recall": 0.49132349132349135,
      "f1-score": 0.4715312327252626,
      "support": 188
    },
    "weighted avg": {
      "precision": 0.567995068245017,
      "recall": 0.5425531914893617,
      "f1-score": 0.5523824645768121,
      "support": 188
    }
  },
  "isAt_classification_report": {
    "TRUE": {
      "precision": 0.0,
      "recall": 0.0,
      "f1-score": 0.0,
      "support": 38
    },
    "FALSE": {
      "precision": 0.7978723404255319,
      "recall": 1.0,
      "f1-score": 0.8875739644970414,
      "support": 150
    },
    "macro avg": {
      "precision": 0.39893617021276595,
      "recall": 0.5,
      "f1-score": 0.4437869822485207,
      "support": 188
    },
    "weighted avg": {
      "precision": 0.6366002716161159,
      "recall": 0.7978723404255319,
      "f1-score": 0.7081707163540224,
      "support": 188
    }
  },
  "at_confusion_matrix": [
    [
      31,
      10,
      25
    ],
    [
      3,
      7,
      8
    ],
    [
      26,
      14,
      64
    ]
  ],
  "isAt_confusion_matrix": [
    [
      0,
      38
    ],
    [
      0,
      150
    ]
  ],
  "at_labels": [
    "TRUE",
    "PROBABLE",
    "FALSE"
  ],
  "isAt_labels": [
    "TRUE",
    "FALSE"
  ],
  "metadata": {
    "cache": "mask_dbmdz_bert_base_historic_multilingual_cased_M1_L-1_-4_-7.npz",
    "model": "dbmdz/bert-base-historic-multilingual-cased",
    "template": "M1",
    "field": "context",
    "layers": [
      -1,
      -4,
      -7
    ],
    "feature_set": "mask",
    "n_train": 1063,
    "n_test": 188,
    "input_dim": 768,
    "target": "at"
  }
}