{
  "experiment_id": "T1.4or5_mask_grid_mask_xlm_roberta_large_M2_L-1_-4_-7_concat_l_t_at_at-test",
  "timestamp": "2026-04-30T23:03:43.223251+00:00",
  "n_instances": 188,
  "scores": {
    "global_score": 0.5608650608650609,
    "macro_recall_at": 0.6217301217301218,
    "macro_recall_isAt": 0.5,
    "at_details": {
      "recall_TRUE": 0.6515151515151515,
      "recall_PROBABLE": 0.4444444444444444,
      "recall_FALSE": 0.7692307692307693,
      "macro_recall": 0.6217301217301218
    },
    "isAt_details": {
      "recall_TRUE": 0.0,
      "recall_FALSE": 1.0,
      "macro_recall": 0.5
    }
  },
  "at_classification_report": {
    "TRUE": {
      "precision": 0.6056338028169014,
      "recall": 0.6515151515151515,
      "f1-score": 0.6277372262773722,
      "support": 66
    },
    "PROBABLE": {
      "precision": 0.5714285714285714,
      "recall": 0.4444444444444444,
      "f1-score": 0.5,
      "support": 18
    },
    "FALSE": {
      "precision": 0.7766990291262136,
      "recall": 0.7692307692307693,
      "f1-score": 0.7729468599033817,
      "support": 104
    },
    "macro avg": {
      "precision": 0.6512538011238954,
      "recall": 0.6217301217301218,
      "f1-score": 0.6335613620602513,
      "support": 188
    },
    "weighted avg": {
      "precision": 0.6969906611742339,
      "recall": 0.6968085106382979,
      "f1-score": 0.6958357998098844,
      "support": 188
    }
  },
  "isAt_classification_report": {
    "TRUE": {
      "precision": 0.0,
      "recall": 0.0,
      "f1-score": 0.0,
      "support": 38
    },
    "FALSE": {
      "precision": 0.7978723404255319,
      "recall": 1.0,
      "f1-score": 0.8875739644970414,
      "support": 150
    },
    "macro avg": {
      "precision": 0.39893617021276595,
      "recall": 0.5,
      "f1-score": 0.4437869822485207,
      "support": 188
    },
    "weighted avg": {
      "precision": 0.6366002716161159,
      "recall": 0.7978723404255319,
      "f1-score": 0.7081707163540224,
      "support": 188
    }
  },
  "at_confusion_matrix": [
    [
      43,
      4,
      19
    ],
    [
      6,
      8,
      4
    ],
    [
      22,
      2,
      80
    ]
  ],
  "isAt_confusion_matrix": [
    [
      0,
      38
    ],
    [
      0,
      150
    ]
  ],
  "at_labels": [
    "TRUE",
    "PROBABLE",
    "FALSE"
  ],
  "isAt_labels": [
    "TRUE",
    "FALSE"
  ],
  "metadata": {
    "cache": "mask_xlm_roberta_large_M2_L-1_-4_-7.npz",
    "model": "xlm-roberta-large",
    "template": "M2",
    "field": "context",
    "layers": [
      -1,
      -4,
      -7
    ],
    "feature_set": "concat_l_t",
    "n_train": 1063,
    "n_test": 188,
    "input_dim": 5135,
    "target": "at"
  }
}