{
  "experiment_id": "T1.4or5_mask_C1_mask_LR_at_at-test",
  "timestamp": "2026-04-30T21:22:03.232312+00:00",
  "n_instances": 188,
  "scores": {
    "global_score": 0.5228729603729604,
    "macro_recall_at": 0.5457459207459208,
    "macro_recall_isAt": 0.5,
    "at_details": {
      "recall_TRUE": 0.6212121212121212,
      "recall_PROBABLE": 0.3333333333333333,
      "recall_FALSE": 0.6826923076923077,
      "macro_recall": 0.5457459207459208
    },
    "isAt_details": {
      "recall_TRUE": 0.0,
      "recall_FALSE": 1.0,
      "macro_recall": 0.5
    }
  },
  "at_classification_report": {
    "TRUE": {
      "precision": 0.5616438356164384,
      "recall": 0.6212121212121212,
      "f1-score": 0.5899280575539569,
      "support": 66
    },
    "PROBABLE": {
      "precision": 0.42857142857142855,
      "recall": 0.3333333333333333,
      "f1-score": 0.375,
      "support": 18
    },
    "FALSE": {
      "precision": 0.7029702970297029,
      "recall": 0.6826923076923077,
      "f1-score": 0.6926829268292684,
      "support": 104
    },
    "macro avg": {
      "precision": 0.5643951870725233,
      "recall": 0.5457459207459208,
      "f1-score": 0.5525369947944084,
      "support": 188
    },
    "weighted avg": {
      "precision": 0.627083456149254,
      "recall": 0.6276595744680851,
      "f1-score": 0.6261929584510908,
      "support": 188
    }
  },
  "isAt_classification_report": {
    "TRUE": {
      "precision": 0.0,
      "recall": 0.0,
      "f1-score": 0.0,
      "support": 38
    },
    "FALSE": {
      "precision": 0.7978723404255319,
      "recall": 1.0,
      "f1-score": 0.8875739644970414,
      "support": 150
    },
    "macro avg": {
      "precision": 0.39893617021276595,
      "recall": 0.5,
      "f1-score": 0.4437869822485207,
      "support": 188
    },
    "weighted avg": {
      "precision": 0.6366002716161159,
      "recall": 0.7978723404255319,
      "f1-score": 0.7081707163540224,
      "support": 188
    }
  },
  "at_confusion_matrix": [
    [
      41,
      3,
      22
    ],
    [
      4,
      6,
      8
    ],
    [
      28,
      5,
      71
    ]
  ],
  "isAt_confusion_matrix": [
    [
      0,
      38
    ],
    [
      0,
      150
    ]
  ],
  "at_labels": [
    "TRUE",
    "PROBABLE",
    "FALSE"
  ],
  "isAt_labels": [
    "TRUE",
    "FALSE"
  ],
  "metadata": {
    "name": "C1_mask_LR",
    "n_train": 1063,
    "n_test": 188,
    "input_dim": 768,
    "target": "at",
    "task": "at"
  }
}