{
  "experiment_id": "T1.4or5_mask_grid_mask_xlm_roberta_base_M2_L-1_-4_-7_mask_layers_at_at-test",
  "timestamp": "2026-04-30T22:59:52.136209+00:00",
  "n_instances": 188,
  "scores": {
    "global_score": 0.5164950789950791,
    "macro_recall_at": 0.532990157990158,
    "macro_recall_isAt": 0.5,
    "at_details": {
      "recall_TRUE": 0.6363636363636364,
      "recall_PROBABLE": 0.2222222222222222,
      "recall_FALSE": 0.7403846153846154,
      "macro_recall": 0.532990157990158
    },
    "isAt_details": {
      "recall_TRUE": 0.0,
      "recall_FALSE": 1.0,
      "macro_recall": 0.5
    }
  },
  "at_classification_report": {
    "TRUE": {
      "precision": 0.5833333333333334,
      "recall": 0.6363636363636364,
      "f1-score": 0.6086956521739131,
      "support": 66
    },
    "PROBABLE": {
      "precision": 0.2857142857142857,
      "recall": 0.2222222222222222,
      "f1-score": 0.25,
      "support": 18
    },
    "FALSE": {
      "precision": 0.7549019607843137,
      "recall": 0.7403846153846154,
      "f1-score": 0.7475728155339806,
      "support": 104
    },
    "macro avg": {
      "precision": 0.5413165266106442,
      "recall": 0.532990157990158,
      "f1-score": 0.535422822569298,
      "support": 188
    },
    "weighted avg": {
      "precision": 0.6497481971512008,
      "recall": 0.6542553191489362,
      "f1-score": 0.6511781162713418,
      "support": 188
    }
  },
  "isAt_classification_report": {
    "TRUE": {
      "precision": 0.0,
      "recall": 0.0,
      "f1-score": 0.0,
      "support": 38
    },
    "FALSE": {
      "precision": 0.7978723404255319,
      "recall": 1.0,
      "f1-score": 0.8875739644970414,
      "support": 150
    },
    "macro avg": {
      "precision": 0.39893617021276595,
      "recall": 0.5,
      "f1-score": 0.4437869822485207,
      "support": 188
    },
    "weighted avg": {
      "precision": 0.6366002716161159,
      "recall": 0.7978723404255319,
      "f1-score": 0.7081707163540224,
      "support": 188
    }
  },
  "at_confusion_matrix": [
    [
      42,
      7,
      17
    ],
    [
      6,
      4,
      8
    ],
    [
      24,
      3,
      77
    ]
  ],
  "isAt_confusion_matrix": [
    [
      0,
      38
    ],
    [
      0,
      150
    ]
  ],
  "at_labels": [
    "TRUE",
    "PROBABLE",
    "FALSE"
  ],
  "isAt_labels": [
    "TRUE",
    "FALSE"
  ],
  "metadata": {
    "cache": "mask_xlm_roberta_base_M2_L-1_-4_-7.npz",
    "model": "xlm-roberta-base",
    "template": "M2",
    "field": "context",
    "layers": [
      -1,
      -4,
      -7
    ],
    "feature_set": "mask_layers",
    "n_train": 1063,
    "n_test": 188,
    "input_dim": 2304,
    "target": "at"
  }
}