{
  "experiment_id": "T1.4or5_mask_grid_mask_dbmdz_bert_base_historic_multilingual_cased_M1_L-1_-4_-7_spec10_concat_spec_isAt_at-test",
  "timestamp": "2026-04-30T22:49:20.494675+00:00",
  "n_instances": 188,
  "scores": {
    "global_score": 0.4983333333333333,
    "macro_recall_at": 0.3333333333333333,
    "macro_recall_isAt": 0.6633333333333333,
    "at_details": {
      "recall_TRUE": 0.0,
      "recall_PROBABLE": 0.0,
      "recall_FALSE": 1.0,
      "macro_recall": 0.3333333333333333
    },
    "isAt_details": {
      "recall_TRUE": 0.5,
      "recall_FALSE": 0.8266666666666667,
      "macro_recall": 0.6633333333333333
    }
  },
  "at_classification_report": {
    "TRUE": {
      "precision": 0.0,
      "recall": 0.0,
      "f1-score": 0.0,
      "support": 66
    },
    "PROBABLE": {
      "precision": 0.0,
      "recall": 0.0,
      "f1-score": 0.0,
      "support": 18
    },
    "FALSE": {
      "precision": 0.5531914893617021,
      "recall": 1.0,
      "f1-score": 0.7123287671232876,
      "support": 104
    },
    "macro avg": {
      "precision": 0.1843971631205674,
      "recall": 0.3333333333333333,
      "f1-score": 0.2374429223744292,
      "support": 188
    },
    "weighted avg": {
      "precision": 0.3060208239022182,
      "recall": 0.5531914893617021,
      "f1-score": 0.39405421160011656,
      "support": 188
    }
  },
  "isAt_classification_report": {
    "TRUE": {
      "precision": 0.4222222222222222,
      "recall": 0.5,
      "f1-score": 0.4578313253012048,
      "support": 38
    },
    "FALSE": {
      "precision": 0.8671328671328671,
      "recall": 0.8266666666666667,
      "f1-score": 0.8464163822525598,
      "support": 150
    },
    "macro avg": {
      "precision": 0.6446775446775447,
      "recall": 0.6633333333333333,
      "f1-score": 0.6521238537768823,
      "support": 188
    },
    "weighted avg": {
      "precision": 0.7772041197573112,
      "recall": 0.7606382978723404,
      "f1-score": 0.767872594145371,
      "support": 188
    }
  },
  "at_confusion_matrix": [
    [
      0,
      0,
      66
    ],
    [
      0,
      0,
      18
    ],
    [
      0,
      0,
      104
    ]
  ],
  "isAt_confusion_matrix": [
    [
      19,
      19
    ],
    [
      26,
      124
    ]
  ],
  "at_labels": [
    "TRUE",
    "PROBABLE",
    "FALSE"
  ],
  "isAt_labels": [
    "TRUE",
    "FALSE"
  ],
  "metadata": {
    "cache": "mask_dbmdz_bert_base_historic_multilingual_cased_M1_L-1_-4_-7_spec10.npz",
    "model": "dbmdz/bert-base-historic-multilingual-cased",
    "template": "M1",
    "field": "context",
    "layers": [
      -1,
      -4,
      -7
    ],
    "feature_set": "concat_spec",
    "n_train": 1063,
    "n_test": 188,
    "input_dim": 2329,
    "target": "isAt"
  }
}