{
  "experiment_id": "T1.4or5_mask_grid_mask_dbmdz_bert_base_historic_multilingual_cased_M2_L-1_-4_-7_spec10_mask_layers_at_at-test",
  "timestamp": "2026-04-30T22:51:09.849285+00:00",
  "n_instances": 188,
  "scores": {
    "global_score": 0.5543738668738669,
    "macro_recall_at": 0.6087477337477337,
    "macro_recall_isAt": 0.5,
    "at_details": {
      "recall_TRUE": 0.696969696969697,
      "recall_PROBABLE": 0.3888888888888889,
      "recall_FALSE": 0.7403846153846154,
      "macro_recall": 0.6087477337477337
    },
    "isAt_details": {
      "recall_TRUE": 0.0,
      "recall_FALSE": 1.0,
      "macro_recall": 0.5
    }
  },
  "at_classification_report": {
    "TRUE": {
      "precision": 0.6666666666666666,
      "recall": 0.696969696969697,
      "f1-score": 0.6814814814814815,
      "support": 66
    },
    "PROBABLE": {
      "precision": 0.3888888888888889,
      "recall": 0.3888888888888889,
      "f1-score": 0.3888888888888889,
      "support": 18
    },
    "FALSE": {
      "precision": 0.7623762376237624,
      "recall": 0.7403846153846154,
      "f1-score": 0.751219512195122,
      "support": 104
    },
    "macro avg": {
      "precision": 0.605977264393106,
      "recall": 0.6087477337477337,
      "f1-score": 0.6071966275218308,
      "support": 188
    },
    "weighted avg": {
      "precision": 0.6930166420897409,
      "recall": 0.6914893617021277,
      "f1-score": 0.6920457821599492,
      "support": 188
    }
  },
  "isAt_classification_report": {
    "TRUE": {
      "precision": 0.0,
      "recall": 0.0,
      "f1-score": 0.0,
      "support": 38
    },
    "FALSE": {
      "precision": 0.7978723404255319,
      "recall": 1.0,
      "f1-score": 0.8875739644970414,
      "support": 150
    },
    "macro avg": {
      "precision": 0.39893617021276595,
      "recall": 0.5,
      "f1-score": 0.4437869822485207,
      "support": 188
    },
    "weighted avg": {
      "precision": 0.6366002716161159,
      "recall": 0.7978723404255319,
      "f1-score": 0.7081707163540224,
      "support": 188
    }
  },
  "at_confusion_matrix": [
    [
      46,
      5,
      15
    ],
    [
      2,
      7,
      9
    ],
    [
      21,
      6,
      77
    ]
  ],
  "isAt_confusion_matrix": [
    [
      0,
      38
    ],
    [
      0,
      150
    ]
  ],
  "at_labels": [
    "TRUE",
    "PROBABLE",
    "FALSE"
  ],
  "isAt_labels": [
    "TRUE",
    "FALSE"
  ],
  "metadata": {
    "cache": "mask_dbmdz_bert_base_historic_multilingual_cased_M2_L-1_-4_-7_spec10.npz",
    "model": "dbmdz/bert-base-historic-multilingual-cased",
    "template": "M2",
    "field": "context",
    "layers": [
      -1,
      -4,
      -7
    ],
    "feature_set": "mask_layers",
    "n_train": 1063,
    "n_test": 188,
    "input_dim": 2304,
    "target": "at"
  }
}