{
  "experiment_id": "T1.4or5_mask_grid_mask_xlm_roberta_large_M2_L-1_-4_-7_mask_layers_isAt_at-test",
  "timestamp": "2026-04-30T23:02:59.923471+00:00",
  "n_instances": 188,
  "scores": {
    "global_score": 0.45885964912280697,
    "macro_recall_at": 0.3333333333333333,
    "macro_recall_isAt": 0.5843859649122807,
    "at_details": {
      "recall_TRUE": 0.0,
      "recall_PROBABLE": 0.0,
      "recall_FALSE": 1.0,
      "macro_recall": 0.3333333333333333
    },
    "isAt_details": {
      "recall_TRUE": 0.34210526315789475,
      "recall_FALSE": 0.8266666666666667,
      "macro_recall": 0.5843859649122807
    }
  },
  "at_classification_report": {
    "TRUE": {
      "precision": 0.0,
      "recall": 0.0,
      "f1-score": 0.0,
      "support": 66
    },
    "PROBABLE": {
      "precision": 0.0,
      "recall": 0.0,
      "f1-score": 0.0,
      "support": 18
    },
    "FALSE": {
      "precision": 0.5531914893617021,
      "recall": 1.0,
      "f1-score": 0.7123287671232876,
      "support": 104
    },
    "macro avg": {
      "precision": 0.1843971631205674,
      "recall": 0.3333333333333333,
      "f1-score": 0.2374429223744292,
      "support": 188
    },
    "weighted avg": {
      "precision": 0.3060208239022182,
      "recall": 0.5531914893617021,
      "f1-score": 0.39405421160011656,
      "support": 188
    }
  },
  "isAt_classification_report": {
    "TRUE": {
      "precision": 0.3333333333333333,
      "recall": 0.34210526315789475,
      "f1-score": 0.33766233766233766,
      "support": 38
    },
    "FALSE": {
      "precision": 0.8322147651006712,
      "recall": 0.8266666666666667,
      "f1-score": 0.8294314381270903,
      "support": 150
    },
    "macro avg": {
      "precision": 0.5827740492170023,
      "recall": 0.5843859649122807,
      "f1-score": 0.583546887894714,
      "support": 188
    },
    "weighted avg": {
      "precision": 0.7313770288923794,
      "recall": 0.7287234042553191,
      "f1-score": 0.7300313007991084,
      "support": 188
    }
  },
  "at_confusion_matrix": [
    [
      0,
      0,
      66
    ],
    [
      0,
      0,
      18
    ],
    [
      0,
      0,
      104
    ]
  ],
  "isAt_confusion_matrix": [
    [
      13,
      25
    ],
    [
      26,
      124
    ]
  ],
  "at_labels": [
    "TRUE",
    "PROBABLE",
    "FALSE"
  ],
  "isAt_labels": [
    "TRUE",
    "FALSE"
  ],
  "metadata": {
    "cache": "mask_xlm_roberta_large_M2_L-1_-4_-7.npz",
    "model": "xlm-roberta-large",
    "template": "M2",
    "field": "context",
    "layers": [
      -1,
      -4,
      -7
    ],
    "feature_set": "mask_layers",
    "n_train": 1063,
    "n_test": 188,
    "input_dim": 3072,
    "target": "isAt"
  }
}