{
  "experiment_id": "T1.4or5_mask_grid_mask_dbmdz_bert_base_historic_multilingual_cased_M1_L-1_-4_-7_spec10_spectral_isAt_at-test",
  "timestamp": "2026-04-30T22:49:13.260488+00:00",
  "n_instances": 188,
  "scores": {
    "global_score": 0.4319298245614035,
    "macro_recall_at": 0.3333333333333333,
    "macro_recall_isAt": 0.5305263157894737,
    "at_details": {
      "recall_TRUE": 0.0,
      "recall_PROBABLE": 0.0,
      "recall_FALSE": 1.0,
      "macro_recall": 0.3333333333333333
    },
    "isAt_details": {
      "recall_TRUE": 0.42105263157894735,
      "recall_FALSE": 0.64,
      "macro_recall": 0.5305263157894737
    }
  },
  "at_classification_report": {
    "TRUE": {
      "precision": 0.0,
      "recall": 0.0,
      "f1-score": 0.0,
      "support": 66
    },
    "PROBABLE": {
      "precision": 0.0,
      "recall": 0.0,
      "f1-score": 0.0,
      "support": 18
    },
    "FALSE": {
      "precision": 0.5531914893617021,
      "recall": 1.0,
      "f1-score": 0.7123287671232876,
      "support": 104
    },
    "macro avg": {
      "precision": 0.1843971631205674,
      "recall": 0.3333333333333333,
      "f1-score": 0.2374429223744292,
      "support": 188
    },
    "weighted avg": {
      "precision": 0.3060208239022182,
      "recall": 0.5531914893617021,
      "f1-score": 0.39405421160011656,
      "support": 188
    }
  },
  "isAt_classification_report": {
    "TRUE": {
      "precision": 0.22857142857142856,
      "recall": 0.42105263157894735,
      "f1-score": 0.2962962962962963,
      "support": 38
    },
    "FALSE": {
      "precision": 0.8135593220338984,
      "recall": 0.64,
      "f1-score": 0.7164179104477612,
      "support": 150
    },
    "macro avg": {
      "precision": 0.5210653753026635,
      "recall": 0.5305263157894737,
      "f1-score": 0.5063571033720287,
      "support": 188
    },
    "weighted avg": {
      "precision": 0.6953170882489311,
      "recall": 0.5957446808510638,
      "f1-score": 0.6314997118426777,
      "support": 188
    }
  },
  "at_confusion_matrix": [
    [
      0,
      0,
      66
    ],
    [
      0,
      0,
      18
    ],
    [
      0,
      0,
      104
    ]
  ],
  "isAt_confusion_matrix": [
    [
      16,
      22
    ],
    [
      54,
      96
    ]
  ],
  "at_labels": [
    "TRUE",
    "PROBABLE",
    "FALSE"
  ],
  "isAt_labels": [
    "TRUE",
    "FALSE"
  ],
  "metadata": {
    "cache": "mask_dbmdz_bert_base_historic_multilingual_cased_M1_L-1_-4_-7_spec10.npz",
    "model": "dbmdz/bert-base-historic-multilingual-cased",
    "template": "M1",
    "field": "context",
    "layers": [
      -1,
      -4,
      -7
    ],
    "feature_set": "spectral",
    "n_train": 1063,
    "n_test": 188,
    "input_dim": 10,
    "target": "isAt"
  }
}