{
  "experiment_id": "T1.4or5_mask_grid_mask_xlm_roberta_base_M2_L-1_-4_-7_concat_t_at_at-test",
  "timestamp": "2026-04-30T23:00:03.749042+00:00",
  "n_instances": 188,
  "scores": {
    "global_score": 0.5144068894068894,
    "macro_recall_at": 0.5288137788137788,
    "macro_recall_isAt": 0.5,
    "at_details": {
      "recall_TRUE": 0.5757575757575758,
      "recall_PROBABLE": 0.2222222222222222,
      "recall_FALSE": 0.7884615384615384,
      "macro_recall": 0.5288137788137788
    },
    "isAt_details": {
      "recall_TRUE": 0.0,
      "recall_FALSE": 1.0,
      "macro_recall": 0.5
    }
  },
  "at_classification_report": {
    "TRUE": {
      "precision": 0.59375,
      "recall": 0.5757575757575758,
      "f1-score": 0.5846153846153846,
      "support": 66
    },
    "PROBABLE": {
      "precision": 0.23529411764705882,
      "recall": 0.2222222222222222,
      "f1-score": 0.22857142857142856,
      "support": 18
    },
    "FALSE": {
      "precision": 0.7663551401869159,
      "recall": 0.7884615384615384,
      "f1-score": 0.7772511848341231,
      "support": 104
    },
    "macro avg": {
      "precision": 0.5317997526113248,
      "recall": 0.5288137788137788,
      "f1-score": 0.530145999340312,
      "support": 188
    },
    "weighted avg": {
      "precision": 0.6549134505164165,
      "recall": 0.6595744680851063,
      "f1-score": 0.6570905549023931,
      "support": 188
    }
  },
  "isAt_classification_report": {
    "TRUE": {
      "precision": 0.0,
      "recall": 0.0,
      "f1-score": 0.0,
      "support": 38
    },
    "FALSE": {
      "precision": 0.7978723404255319,
      "recall": 1.0,
      "f1-score": 0.8875739644970414,
      "support": 150
    },
    "macro avg": {
      "precision": 0.39893617021276595,
      "recall": 0.5,
      "f1-score": 0.4437869822485207,
      "support": 188
    },
    "weighted avg": {
      "precision": 0.6366002716161159,
      "recall": 0.7978723404255319,
      "f1-score": 0.7081707163540224,
      "support": 188
    }
  },
  "at_confusion_matrix": [
    [
      38,
      8,
      20
    ],
    [
      9,
      4,
      5
    ],
    [
      17,
      5,
      82
    ]
  ],
  "isAt_confusion_matrix": [
    [
      0,
      38
    ],
    [
      0,
      150
    ]
  ],
  "at_labels": [
    "TRUE",
    "PROBABLE",
    "FALSE"
  ],
  "isAt_labels": [
    "TRUE",
    "FALSE"
  ],
  "metadata": {
    "cache": "mask_xlm_roberta_base_M2_L-1_-4_-7.npz",
    "model": "xlm-roberta-base",
    "template": "M2",
    "field": "context",
    "layers": [
      -1,
      -4,
      -7
    ],
    "feature_set": "concat_t",
    "n_train": 1063,
    "n_test": 188,
    "input_dim": 2319,
    "target": "at"
  }
}