{
  "experiment_id": "T1.4or5_mask_C1_mask_LR_at_isAt-test",
  "timestamp": "2026-05-06T15:38:28.780870+00:00",
  "n_instances": 188,
  "scores": {
    "global_score": 0.5175545898385105,
    "macro_recall_at": 0.5351091796770212,
    "macro_recall_isAt": 0.5,
    "at_details": {
      "recall_TRUE": 0.6333333333333333,
      "recall_PROBABLE": 0.21052631578947367,
      "recall_FALSE": 0.7614678899082569,
      "macro_recall": 0.5351091796770212
    },
    "isAt_details": {
      "recall_TRUE": 0.0,
      "recall_FALSE": 1.0,
      "macro_recall": 0.5
    }
  },
  "at_classification_report": {
    "TRUE": {
      "precision": 0.6229508196721312,
      "recall": 0.6333333333333333,
      "f1-score": 0.628099173553719,
      "support": 60
    },
    "PROBABLE": {
      "precision": 0.2857142857142857,
      "recall": 0.21052631578947367,
      "f1-score": 0.24242424242424243,
      "support": 19
    },
    "FALSE": {
      "precision": 0.7345132743362832,
      "recall": 0.7614678899082569,
      "f1-score": 0.7477477477477478,
      "support": 109
    },
    "macro avg": {
      "precision": 0.5477261265742334,
      "recall": 0.5351091796770212,
      "f1-score": 0.5394237212419031,
      "support": 188
    },
    "weighted avg": {
      "precision": 0.6535508910189052,
      "recall": 0.6648936170212766,
      "f1-score": 0.6584921038499375,
      "support": 188
    }
  },
  "isAt_classification_report": {
    "TRUE": {
      "precision": 0.0,
      "recall": 0.0,
      "f1-score": 0.0,
      "support": 42
    },
    "FALSE": {
      "precision": 0.776595744680851,
      "recall": 1.0,
      "f1-score": 0.8742514970059879,
      "support": 146
    },
    "macro avg": {
      "precision": 0.3882978723404255,
      "recall": 0.5,
      "f1-score": 0.43712574850299396,
      "support": 188
    },
    "weighted avg": {
      "precision": 0.6031009506564056,
      "recall": 0.776595744680851,
      "f1-score": 0.678939992355714,
      "support": 188
    }
  },
  "at_confusion_matrix": [
    [
      38,
      3,
      19
    ],
    [
      4,
      4,
      11
    ],
    [
      19,
      7,
      83
    ]
  ],
  "isAt_confusion_matrix": [
    [
      0,
      42
    ],
    [
      0,
      146
    ]
  ],
  "at_labels": [
    "TRUE",
    "PROBABLE",
    "FALSE"
  ],
  "isAt_labels": [
    "TRUE",
    "FALSE"
  ],
  "metadata": {
    "name": "C1_mask_LR",
    "n_train": 1063,
    "n_test": 188,
    "input_dim": 768,
    "target": "at",
    "task": "isAt"
  }
}