{
  "experiment_id": "T1.4or5_mask_grid_mask_dbmdz_bert_base_historic_multilingual_cased_M5_L-1_-4_-7_spec10_spectral_isAt_at-test",
  "timestamp": "2026-04-30T22:59:08.884742+00:00",
  "n_instances": 188,
  "scores": {
    "global_score": 0.41035087719298247,
    "macro_recall_at": 0.3333333333333333,
    "macro_recall_isAt": 0.48736842105263156,
    "at_details": {
      "recall_TRUE": 0.0,
      "recall_PROBABLE": 0.0,
      "recall_FALSE": 1.0,
      "macro_recall": 0.3333333333333333
    },
    "isAt_details": {
      "recall_TRUE": 0.39473684210526316,
      "recall_FALSE": 0.58,
      "macro_recall": 0.48736842105263156
    }
  },
  "at_classification_report": {
    "TRUE": {
      "precision": 0.0,
      "recall": 0.0,
      "f1-score": 0.0,
      "support": 66
    },
    "PROBABLE": {
      "precision": 0.0,
      "recall": 0.0,
      "f1-score": 0.0,
      "support": 18
    },
    "FALSE": {
      "precision": 0.5531914893617021,
      "recall": 1.0,
      "f1-score": 0.7123287671232876,
      "support": 104
    },
    "macro avg": {
      "precision": 0.1843971631205674,
      "recall": 0.3333333333333333,
      "f1-score": 0.2374429223744292,
      "support": 188
    },
    "weighted avg": {
      "precision": 0.3060208239022182,
      "recall": 0.5531914893617021,
      "f1-score": 0.39405421160011656,
      "support": 188
    }
  },
  "isAt_classification_report": {
    "TRUE": {
      "precision": 0.19230769230769232,
      "recall": 0.39473684210526316,
      "f1-score": 0.25862068965517243,
      "support": 38
    },
    "FALSE": {
      "precision": 0.7909090909090909,
      "recall": 0.58,
      "f1-score": 0.6692307692307692,
      "support": 150
    },
    "macro avg": {
      "precision": 0.4916083916083916,
      "recall": 0.48736842105263156,
      "f1-score": 0.46392572944297084,
      "support": 188
    },
    "weighted avg": {
      "precision": 0.669915191191787,
      "recall": 0.5425531914893617,
      "f1-score": 0.5862351148484677,
      "support": 188
    }
  },
  "at_confusion_matrix": [
    [
      0,
      0,
      66
    ],
    [
      0,
      0,
      18
    ],
    [
      0,
      0,
      104
    ]
  ],
  "isAt_confusion_matrix": [
    [
      15,
      23
    ],
    [
      63,
      87
    ]
  ],
  "at_labels": [
    "TRUE",
    "PROBABLE",
    "FALSE"
  ],
  "isAt_labels": [
    "TRUE",
    "FALSE"
  ],
  "metadata": {
    "cache": "mask_dbmdz_bert_base_historic_multilingual_cased_M5_L-1_-4_-7_spec10.npz",
    "model": "dbmdz/bert-base-historic-multilingual-cased",
    "template": "M5",
    "field": "context",
    "layers": [
      -1,
      -4,
      -7
    ],
    "feature_set": "spectral",
    "n_train": 1063,
    "n_test": 188,
    "input_dim": 10,
    "target": "isAt"
  }
}