{
  "experiment_id": "T1.4or5_mask_grid_mask_dbmdz_bert_base_historic_multilingual_cased_M5_L-1_-4_-7_spec10_concat_t_at_at-test",
  "timestamp": "2026-04-30T22:58:43.321978+00:00",
  "n_instances": 188,
  "scores": {
    "global_score": 0.523989898989899,
    "macro_recall_at": 0.5479797979797979,
    "macro_recall_isAt": 0.5,
    "at_details": {
      "recall_TRUE": 0.5606060606060606,
      "recall_PROBABLE": 0.3333333333333333,
      "recall_FALSE": 0.75,
      "macro_recall": 0.5479797979797979
    },
    "isAt_details": {
      "recall_TRUE": 0.0,
      "recall_FALSE": 1.0,
      "macro_recall": 0.5
    }
  },
  "at_classification_report": {
    "TRUE": {
      "precision": 0.6065573770491803,
      "recall": 0.5606060606060606,
      "f1-score": 0.5826771653543307,
      "support": 66
    },
    "PROBABLE": {
      "precision": 0.3157894736842105,
      "recall": 0.3333333333333333,
      "f1-score": 0.3243243243243243,
      "support": 18
    },
    "FALSE": {
      "precision": 0.7222222222222222,
      "recall": 0.75,
      "f1-score": 0.7358490566037735,
      "support": 104
    },
    "macro avg": {
      "precision": 0.5481896909852043,
      "recall": 0.5479797979797979,
      "f1-score": 0.5476168487608094,
      "support": 188
    },
    "weighted avg": {
      "precision": 0.6427027049078341,
      "recall": 0.6436170212765957,
      "f1-score": 0.6426746416915751,
      "support": 188
    }
  },
  "isAt_classification_report": {
    "TRUE": {
      "precision": 0.0,
      "recall": 0.0,
      "f1-score": 0.0,
      "support": 38
    },
    "FALSE": {
      "precision": 0.7978723404255319,
      "recall": 1.0,
      "f1-score": 0.8875739644970414,
      "support": 150
    },
    "macro avg": {
      "precision": 0.39893617021276595,
      "recall": 0.5,
      "f1-score": 0.4437869822485207,
      "support": 188
    },
    "weighted avg": {
      "precision": 0.6366002716161159,
      "recall": 0.7978723404255319,
      "f1-score": 0.7081707163540224,
      "support": 188
    }
  },
  "at_confusion_matrix": [
    [
      37,
      7,
      22
    ],
    [
      4,
      6,
      8
    ],
    [
      20,
      6,
      78
    ]
  ],
  "isAt_confusion_matrix": [
    [
      0,
      38
    ],
    [
      0,
      150
    ]
  ],
  "at_labels": [
    "TRUE",
    "PROBABLE",
    "FALSE"
  ],
  "isAt_labels": [
    "TRUE",
    "FALSE"
  ],
  "metadata": {
    "cache": "mask_dbmdz_bert_base_historic_multilingual_cased_M5_L-1_-4_-7_spec10.npz",
    "model": "dbmdz/bert-base-historic-multilingual-cased",
    "template": "M5",
    "field": "context",
    "layers": [
      -1,
      -4,
      -7
    ],
    "feature_set": "concat_t",
    "n_train": 1063,
    "n_test": 188,
    "input_dim": 2319,
    "target": "at"
  }
}