{
  "experiment_id": "T1.4or5_mask_T1.4_temporal_only_LR_at_at-test",
  "timestamp": "2026-04-30T21:22:04.566626+00:00",
  "n_instances": 188,
  "scores": {
    "global_score": 0.49367068117068114,
    "macro_recall_at": 0.4873413623413623,
    "macro_recall_isAt": 0.5,
    "at_details": {
      "recall_TRUE": 0.45454545454545453,
      "recall_PROBABLE": 0.5555555555555556,
      "recall_FALSE": 0.4519230769230769,
      "macro_recall": 0.4873413623413623
    },
    "isAt_details": {
      "recall_TRUE": 0.0,
      "recall_FALSE": 1.0,
      "macro_recall": 0.5
    }
  },
  "at_classification_report": {
    "TRUE": {
      "precision": 0.4838709677419355,
      "recall": 0.45454545454545453,
      "f1-score": 0.46874999999999994,
      "support": 66
    },
    "PROBABLE": {
      "precision": 0.15873015873015872,
      "recall": 0.5555555555555556,
      "f1-score": 0.24691358024691357,
      "support": 18
    },
    "FALSE": {
      "precision": 0.746031746031746,
      "recall": 0.4519230769230769,
      "f1-score": 0.5628742514970061,
      "support": 104
    },
    "macro avg": {
      "precision": 0.4628776241679467,
      "recall": 0.4873413623413623,
      "f1-score": 0.42617927724797317,
      "support": 188
    },
    "weighted avg": {
      "precision": 0.5977655761458096,
      "recall": 0.4627659574468085,
      "f1-score": 0.49957907766028237,
      "support": 188
    }
  },
  "isAt_classification_report": {
    "TRUE": {
      "precision": 0.0,
      "recall": 0.0,
      "f1-score": 0.0,
      "support": 38
    },
    "FALSE": {
      "precision": 0.7978723404255319,
      "recall": 1.0,
      "f1-score": 0.8875739644970414,
      "support": 150
    },
    "macro avg": {
      "precision": 0.39893617021276595,
      "recall": 0.5,
      "f1-score": 0.4437869822485207,
      "support": 188
    },
    "weighted avg": {
      "precision": 0.6366002716161159,
      "recall": 0.7978723404255319,
      "f1-score": 0.7081707163540224,
      "support": 188
    }
  },
  "at_confusion_matrix": [
    [
      30,
      23,
      13
    ],
    [
      5,
      10,
      3
    ],
    [
      27,
      30,
      47
    ]
  ],
  "isAt_confusion_matrix": [
    [
      0,
      38
    ],
    [
      0,
      150
    ]
  ],
  "at_labels": [
    "TRUE",
    "PROBABLE",
    "FALSE"
  ],
  "isAt_labels": [
    "TRUE",
    "FALSE"
  ],
  "metadata": {
    "name": "T1.4_temporal_only_LR",
    "n_train": 1063,
    "n_test": 188,
    "input_dim": 15,
    "target": "at",
    "task": "at"
  }
}