{
  "experiment_id": "T1.4or5_mask_grid_mask_dbmdz_bert_base_historic_multilingual_cased_M1_L-1_-4_-7_mask_layers_isAt_at-test",
  "timestamp": "2026-04-30T22:47:51.010017+00:00",
  "n_instances": 188,
  "scores": {
    "global_score": 0.5114912280701754,
    "macro_recall_at": 0.3333333333333333,
    "macro_recall_isAt": 0.6896491228070176,
    "at_details": {
      "recall_TRUE": 0.0,
      "recall_PROBABLE": 0.0,
      "recall_FALSE": 1.0,
      "macro_recall": 0.3333333333333333
    },
    "isAt_details": {
      "recall_TRUE": 0.5526315789473685,
      "recall_FALSE": 0.8266666666666667,
      "macro_recall": 0.6896491228070176
    }
  },
  "at_classification_report": {
    "TRUE": {
      "precision": 0.0,
      "recall": 0.0,
      "f1-score": 0.0,
      "support": 66
    },
    "PROBABLE": {
      "precision": 0.0,
      "recall": 0.0,
      "f1-score": 0.0,
      "support": 18
    },
    "FALSE": {
      "precision": 0.5531914893617021,
      "recall": 1.0,
      "f1-score": 0.7123287671232876,
      "support": 104
    },
    "macro avg": {
      "precision": 0.1843971631205674,
      "recall": 0.3333333333333333,
      "f1-score": 0.2374429223744292,
      "support": 188
    },
    "weighted avg": {
      "precision": 0.3060208239022182,
      "recall": 0.5531914893617021,
      "f1-score": 0.39405421160011656,
      "support": 188
    }
  },
  "isAt_classification_report": {
    "TRUE": {
      "precision": 0.44680851063829785,
      "recall": 0.5526315789473685,
      "f1-score": 0.49411764705882355,
      "support": 38
    },
    "FALSE": {
      "precision": 0.8794326241134752,
      "recall": 0.8266666666666667,
      "f1-score": 0.8522336769759451,
      "support": 150
    },
    "macro avg": {
      "precision": 0.6631205673758865,
      "recall": 0.6896491228070176,
      "f1-score": 0.6731756620173843,
      "support": 188
    },
    "weighted avg": {
      "precision": 0.7919873245812585,
      "recall": 0.7712765957446809,
      "f1-score": 0.779848521992697,
      "support": 188
    }
  },
  "at_confusion_matrix": [
    [
      0,
      0,
      66
    ],
    [
      0,
      0,
      18
    ],
    [
      0,
      0,
      104
    ]
  ],
  "isAt_confusion_matrix": [
    [
      21,
      17
    ],
    [
      26,
      124
    ]
  ],
  "at_labels": [
    "TRUE",
    "PROBABLE",
    "FALSE"
  ],
  "isAt_labels": [
    "TRUE",
    "FALSE"
  ],
  "metadata": {
    "cache": "mask_dbmdz_bert_base_historic_multilingual_cased_M1_L-1_-4_-7.npz",
    "model": "dbmdz/bert-base-historic-multilingual-cased",
    "template": "M1",
    "field": "context",
    "layers": [
      -1,
      -4,
      -7
    ],
    "feature_set": "mask_layers",
    "n_train": 1063,
    "n_test": 188,
    "input_dim": 2304,
    "target": "isAt"
  }
}