{
  "experiment_id": "T1.4or5_mask_grid_mask_dbmdz_bert_base_historic_multilingual_cased_M3_L-1_-4_-7_spec10_spectral_at_at-test",
  "timestamp": "2026-04-30T22:54:32.444334+00:00",
  "n_instances": 188,
  "scores": {
    "global_score": 0.46038914788914787,
    "macro_recall_at": 0.4207782957782958,
    "macro_recall_isAt": 0.5,
    "at_details": {
      "recall_TRUE": 0.5454545454545454,
      "recall_PROBABLE": 0.6111111111111112,
      "recall_FALSE": 0.10576923076923077,
      "macro_recall": 0.4207782957782958
    },
    "isAt_details": {
      "recall_TRUE": 0.0,
      "recall_FALSE": 1.0,
      "macro_recall": 0.5
    }
  },
  "at_classification_report": {
    "TRUE": {
      "precision": 0.4044943820224719,
      "recall": 0.5454545454545454,
      "f1-score": 0.46451612903225803,
      "support": 66
    },
    "PROBABLE": {
      "precision": 0.13924050632911392,
      "recall": 0.6111111111111112,
      "f1-score": 0.2268041237113402,
      "support": 18
    },
    "FALSE": {
      "precision": 0.55,
      "recall": 0.10576923076923077,
      "f1-score": 0.1774193548387097,
      "support": 104
    },
    "macro avg": {
      "precision": 0.3645782961171953,
      "recall": 0.4207782957782958,
      "f1-score": 0.28957986919410267,
      "support": 188
    },
    "weighted avg": {
      "precision": 0.4595902038691872,
      "recall": 0.30851063829787234,
      "f1-score": 0.28293697684127106,
      "support": 188
    }
  },
  "isAt_classification_report": {
    "TRUE": {
      "precision": 0.0,
      "recall": 0.0,
      "f1-score": 0.0,
      "support": 38
    },
    "FALSE": {
      "precision": 0.7978723404255319,
      "recall": 1.0,
      "f1-score": 0.8875739644970414,
      "support": 150
    },
    "macro avg": {
      "precision": 0.39893617021276595,
      "recall": 0.5,
      "f1-score": 0.4437869822485207,
      "support": 188
    },
    "weighted avg": {
      "precision": 0.6366002716161159,
      "recall": 0.7978723404255319,
      "f1-score": 0.7081707163540224,
      "support": 188
    }
  },
  "at_confusion_matrix": [
    [
      36,
      23,
      7
    ],
    [
      5,
      11,
      2
    ],
    [
      48,
      45,
      11
    ]
  ],
  "isAt_confusion_matrix": [
    [
      0,
      38
    ],
    [
      0,
      150
    ]
  ],
  "at_labels": [
    "TRUE",
    "PROBABLE",
    "FALSE"
  ],
  "isAt_labels": [
    "TRUE",
    "FALSE"
  ],
  "metadata": {
    "cache": "mask_dbmdz_bert_base_historic_multilingual_cased_M3_L-1_-4_-7_spec10.npz",
    "model": "dbmdz/bert-base-historic-multilingual-cased",
    "template": "M3",
    "field": "context",
    "layers": [
      -1,
      -4,
      -7
    ],
    "feature_set": "spectral",
    "n_train": 1063,
    "n_test": 188,
    "input_dim": 10,
    "target": "at"
  }
}