{
  "experiment_id": "T1.4or5_mask_grid_mask_dbmdz_bert_base_historic_multilingual_cased_M1_L-1_-4_-7_concat_t_at_at-test",
  "timestamp": "2026-04-30T22:47:55.534037+00:00",
  "n_instances": 188,
  "scores": {
    "global_score": 0.5158152033152033,
    "macro_recall_at": 0.5316304066304066,
    "macro_recall_isAt": 0.5,
    "at_details": {
      "recall_TRUE": 0.48484848484848486,
      "recall_PROBABLE": 0.3888888888888889,
      "recall_FALSE": 0.7211538461538461,
      "macro_recall": 0.5316304066304066
    },
    "isAt_details": {
      "recall_TRUE": 0.0,
      "recall_FALSE": 1.0,
      "macro_recall": 0.5
    }
  },
  "at_classification_report": {
    "TRUE": {
      "precision": 0.5333333333333333,
      "recall": 0.48484848484848486,
      "f1-score": 0.507936507936508,
      "support": 66
    },
    "PROBABLE": {
      "precision": 0.4117647058823529,
      "recall": 0.3888888888888889,
      "f1-score": 0.39999999999999997,
      "support": 18
    },
    "FALSE": {
      "precision": 0.6756756756756757,
      "recall": 0.7211538461538461,
      "f1-score": 0.6976744186046513,
      "support": 104
    },
    "macro avg": {
      "precision": 0.5402579049637873,
      "recall": 0.5316304066304066,
      "f1-score": 0.5352036421803864,
      "support": 188
    },
    "weighted avg": {
      "precision": 0.600436356256131,
      "recall": 0.6063829787234043,
      "f1-score": 0.6025635588228365,
      "support": 188
    }
  },
  "isAt_classification_report": {
    "TRUE": {
      "precision": 0.0,
      "recall": 0.0,
      "f1-score": 0.0,
      "support": 38
    },
    "FALSE": {
      "precision": 0.7978723404255319,
      "recall": 1.0,
      "f1-score": 0.8875739644970414,
      "support": 150
    },
    "macro avg": {
      "precision": 0.39893617021276595,
      "recall": 0.5,
      "f1-score": 0.4437869822485207,
      "support": 188
    },
    "weighted avg": {
      "precision": 0.6366002716161159,
      "recall": 0.7978723404255319,
      "f1-score": 0.7081707163540224,
      "support": 188
    }
  },
  "at_confusion_matrix": [
    [
      32,
      6,
      28
    ],
    [
      3,
      7,
      8
    ],
    [
      25,
      4,
      75
    ]
  ],
  "isAt_confusion_matrix": [
    [
      0,
      38
    ],
    [
      0,
      150
    ]
  ],
  "at_labels": [
    "TRUE",
    "PROBABLE",
    "FALSE"
  ],
  "isAt_labels": [
    "TRUE",
    "FALSE"
  ],
  "metadata": {
    "cache": "mask_dbmdz_bert_base_historic_multilingual_cased_M1_L-1_-4_-7.npz",
    "model": "dbmdz/bert-base-historic-multilingual-cased",
    "template": "M1",
    "field": "context",
    "layers": [
      -1,
      -4,
      -7
    ],
    "feature_set": "concat_t",
    "n_train": 1063,
    "n_test": 188,
    "input_dim": 2319,
    "target": "at"
  }
}