{
  "experiment_id": "T1.4or5_mask_grid_mask_dbmdz_bert_base_historic_multilingual_cased_M3_L-1_-4_-7_spec10_mask_layers_isAt_at-test",
  "timestamp": "2026-04-30T22:53:56.870071+00:00",
  "n_instances": 188,
  "scores": {
    "global_score": 0.5378947368421052,
    "macro_recall_at": 0.3333333333333333,
    "macro_recall_isAt": 0.7424561403508771,
    "at_details": {
      "recall_TRUE": 0.0,
      "recall_PROBABLE": 0.0,
      "recall_FALSE": 1.0,
      "macro_recall": 0.3333333333333333
    },
    "isAt_details": {
      "recall_TRUE": 0.631578947368421,
      "recall_FALSE": 0.8533333333333334,
      "macro_recall": 0.7424561403508771
    }
  },
  "at_classification_report": {
    "TRUE": {
      "precision": 0.0,
      "recall": 0.0,
      "f1-score": 0.0,
      "support": 66
    },
    "PROBABLE": {
      "precision": 0.0,
      "recall": 0.0,
      "f1-score": 0.0,
      "support": 18
    },
    "FALSE": {
      "precision": 0.5531914893617021,
      "recall": 1.0,
      "f1-score": 0.7123287671232876,
      "support": 104
    },
    "macro avg": {
      "precision": 0.1843971631205674,
      "recall": 0.3333333333333333,
      "f1-score": 0.2374429223744292,
      "support": 188
    },
    "weighted avg": {
      "precision": 0.3060208239022182,
      "recall": 0.5531914893617021,
      "f1-score": 0.39405421160011656,
      "support": 188
    }
  },
  "isAt_classification_report": {
    "TRUE": {
      "precision": 0.5217391304347826,
      "recall": 0.631578947368421,
      "f1-score": 0.5714285714285715,
      "support": 38
    },
    "FALSE": {
      "precision": 0.9014084507042254,
      "recall": 0.8533333333333334,
      "f1-score": 0.8767123287671234,
      "support": 150
    },
    "macro avg": {
      "precision": 0.711573790569504,
      "recall": 0.7424561403508771,
      "f1-score": 0.7240704500978474,
      "support": 188
    },
    "weighted avg": {
      "precision": 0.8246667795859337,
      "recall": 0.8085106382978723,
      "f1-score": 0.8150060373901821,
      "support": 188
    }
  },
  "at_confusion_matrix": [
    [
      0,
      0,
      66
    ],
    [
      0,
      0,
      18
    ],
    [
      0,
      0,
      104
    ]
  ],
  "isAt_confusion_matrix": [
    [
      24,
      14
    ],
    [
      22,
      128
    ]
  ],
  "at_labels": [
    "TRUE",
    "PROBABLE",
    "FALSE"
  ],
  "isAt_labels": [
    "TRUE",
    "FALSE"
  ],
  "metadata": {
    "cache": "mask_dbmdz_bert_base_historic_multilingual_cased_M3_L-1_-4_-7_spec10.npz",
    "model": "dbmdz/bert-base-historic-multilingual-cased",
    "template": "M3",
    "field": "context",
    "layers": [
      -1,
      -4,
      -7
    ],
    "feature_set": "mask_layers",
    "n_train": 1063,
    "n_test": 188,
    "input_dim": 2304,
    "target": "isAt"
  }
}