{
  "experiment_id": "T1.6_rf_sd_dbmdz_bert_base_historic_multilingual_cased_M2_lr_base",
  "timestamp": "2026-04-30T21:33:05.708563+00:00",
  "n_instances": 188,
  "scores": {
    "global_score": 0.6679083343557028,
    "macro_recall_at": 0.570027195027195,
    "macro_recall_isAt": 0.7657894736842106,
    "at_details": {
      "recall_TRUE": 0.6363636363636364,
      "recall_PROBABLE": 0.3333333333333333,
      "recall_FALSE": 0.7403846153846154,
      "macro_recall": 0.570027195027195
    },
    "isAt_details": {
      "recall_TRUE": 0.631578947368421,
      "recall_FALSE": 0.9,
      "macro_recall": 0.7657894736842106
    }
  },
  "at_classification_report": {
    "TRUE": {
      "precision": 0.6,
      "recall": 0.6363636363636364,
      "f1-score": 0.6176470588235293,
      "support": 66
    },
    "PROBABLE": {
      "precision": 0.42857142857142855,
      "recall": 0.3333333333333333,
      "f1-score": 0.375,
      "support": 18
    },
    "FALSE": {
      "precision": 0.7403846153846154,
      "recall": 0.7403846153846154,
      "f1-score": 0.7403846153846154,
      "support": 104
    },
    "macro avg": {
      "precision": 0.5896520146520147,
      "recall": 0.570027195027195,
      "f1-score": 0.5776772247360483,
      "support": 188
    },
    "weighted avg": {
      "precision": 0.6612462006079027,
      "recall": 0.6648936170212766,
      "f1-score": 0.6623122653316645,
      "support": 188
    }
  },
  "isAt_classification_report": {
    "TRUE": {
      "precision": 0.6153846153846154,
      "recall": 0.631578947368421,
      "f1-score": 0.6233766233766234,
      "support": 38
    },
    "FALSE": {
      "precision": 0.9060402684563759,
      "recall": 0.9,
      "f1-score": 0.903010033444816,
      "support": 150
    },
    "macro avg": {
      "precision": 0.7607124419204956,
      "recall": 0.7657894736842106,
      "f1-score": 0.7631933284107197,
      "support": 188
    },
    "weighted avg": {
      "precision": 0.8472907215588923,
      "recall": 0.8457446808510638,
      "f1-score": 0.8464883867289047,
      "support": 188
    }
  },
  "at_confusion_matrix": [
    [
      42,
      5,
      19
    ],
    [
      4,
      6,
      8
    ],
    [
      24,
      3,
      77
    ]
  ],
  "isAt_confusion_matrix": [
    [
      24,
      14
    ],
    [
      15,
      135
    ]
  ],
  "at_labels": [
    "TRUE",
    "PROBABLE",
    "FALSE"
  ],
  "isAt_labels": [
    "TRUE",
    "FALSE"
  ],
  "metadata": {
    "n_instances": 188,
    "stack": "base",
    "classifier": "lr",
    "n_features": 2319,
    "sd_run": "SD-H_full_at_v2",
    "timestamp": "2026-04-30T23:33:05"
  }
}