{
  "experiment_id": "T1.6_rf_sd_dbmdz_bert_base_historic_multilingual_cased_M2_mlp_base",
  "timestamp": "2026-04-30T21:33:21.262341+00:00",
  "n_instances": 188,
  "scores": {
    "global_score": 0.6740488897067844,
    "macro_recall_at": 0.5754662004662005,
    "macro_recall_isAt": 0.7726315789473683,
    "at_details": {
      "recall_TRUE": 0.5757575757575758,
      "recall_PROBABLE": 0.3333333333333333,
      "recall_FALSE": 0.8173076923076923,
      "macro_recall": 0.5754662004662005
    },
    "isAt_details": {
      "recall_TRUE": 0.6052631578947368,
      "recall_FALSE": 0.94,
      "macro_recall": 0.7726315789473683
    }
  },
  "at_classification_report": {
    "TRUE": {
      "precision": 0.6551724137931034,
      "recall": 0.5757575757575758,
      "f1-score": 0.6129032258064515,
      "support": 66
    },
    "PROBABLE": {
      "precision": 0.5,
      "recall": 0.3333333333333333,
      "f1-score": 0.4,
      "support": 18
    },
    "FALSE": {
      "precision": 0.7203389830508474,
      "recall": 0.8173076923076923,
      "f1-score": 0.7657657657657657,
      "support": 104
    },
    "macro avg": {
      "precision": 0.6251704656146503,
      "recall": 0.5754662004662005,
      "f1-score": 0.5928896638574057,
      "support": 188
    },
    "weighted avg": {
      "precision": 0.6763650720618775,
      "recall": 0.6861702127659575,
      "f1-score": 0.6770811305471566,
      "support": 188
    }
  },
  "isAt_classification_report": {
    "TRUE": {
      "precision": 0.71875,
      "recall": 0.6052631578947368,
      "f1-score": 0.6571428571428571,
      "support": 38
    },
    "FALSE": {
      "precision": 0.9038461538461539,
      "recall": 0.94,
      "f1-score": 0.9215686274509804,
      "support": 150
    },
    "macro avg": {
      "precision": 0.8112980769230769,
      "recall": 0.7726315789473683,
      "f1-score": 0.7893557422969188,
      "support": 188
    },
    "weighted avg": {
      "precision": 0.866433101472995,
      "recall": 0.8723404255319149,
      "f1-score": 0.8681208653674236,
      "support": 188
    }
  },
  "at_confusion_matrix": [
    [
      38,
      4,
      24
    ],
    [
      3,
      6,
      9
    ],
    [
      17,
      2,
      85
    ]
  ],
  "isAt_confusion_matrix": [
    [
      23,
      15
    ],
    [
      9,
      141
    ]
  ],
  "at_labels": [
    "TRUE",
    "PROBABLE",
    "FALSE"
  ],
  "isAt_labels": [
    "TRUE",
    "FALSE"
  ],
  "metadata": {
    "n_instances": 188,
    "stack": "base",
    "classifier": "mlp",
    "n_features": 2319,
    "sd_run": "SD-H_full_at_v2",
    "timestamp": "2026-04-30T23:33:21"
  }
}