{
  "experiment_id": "T1.6_rf_sd_dbmdz_bert_base_historic_multilingual_cased_M2_rf_sd+SD-H_full_at_v2",
  "timestamp": "2026-04-30T21:33:46.092162+00:00",
  "n_instances": 188,
  "scores": {
    "global_score": 0.49220187707029817,
    "macro_recall_at": 0.44493006993006995,
    "macro_recall_isAt": 0.5394736842105263,
    "at_details": {
      "recall_TRUE": 0.36363636363636365,
      "recall_PROBABLE": 0.0,
      "recall_FALSE": 0.9711538461538461,
      "macro_recall": 0.44493006993006995
    },
    "isAt_details": {
      "recall_TRUE": 0.07894736842105263,
      "recall_FALSE": 1.0,
      "macro_recall": 0.5394736842105263
    }
  },
  "at_classification_report": {
    "TRUE": {
      "precision": 0.8888888888888888,
      "recall": 0.36363636363636365,
      "f1-score": 0.5161290322580644,
      "support": 66
    },
    "PROBABLE": {
      "precision": 0.0,
      "recall": 0.0,
      "f1-score": 0.0,
      "support": 18
    },
    "FALSE": {
      "precision": 0.6273291925465838,
      "recall": 0.9711538461538461,
      "f1-score": 0.7622641509433963,
      "support": 104
    },
    "macro avg": {
      "precision": 0.5054060271451576,
      "recall": 0.44493006993006995,
      "f1-score": 0.42613106106715354,
      "support": 188
    },
    "weighted avg": {
      "precision": 0.6590899079335711,
      "recall": 0.6648936170212766,
      "f1-score": 0.6028722756763056,
      "support": 188
    }
  },
  "isAt_classification_report": {
    "TRUE": {
      "precision": 1.0,
      "recall": 0.07894736842105263,
      "f1-score": 0.14634146341463414,
      "support": 38
    },
    "FALSE": {
      "precision": 0.8108108108108109,
      "recall": 1.0,
      "f1-score": 0.8955223880597014,
      "support": 150
    },
    "macro avg": {
      "precision": 0.9054054054054055,
      "recall": 0.5394736842105263,
      "f1-score": 0.5209319257371677,
      "support": 188
    },
    "weighted avg": {
      "precision": 0.8490511788384129,
      "recall": 0.8138297872340425,
      "f1-score": 0.7440922011633581,
      "support": 188
    }
  },
  "at_confusion_matrix": [
    [
      24,
      0,
      42
    ],
    [
      0,
      0,
      18
    ],
    [
      3,
      0,
      101
    ]
  ],
  "isAt_confusion_matrix": [
    [
      3,
      35
    ],
    [
      0,
      150
    ]
  ],
  "at_labels": [
    "TRUE",
    "PROBABLE",
    "FALSE"
  ],
  "isAt_labels": [
    "TRUE",
    "FALSE"
  ],
  "metadata": {
    "n_instances": 188,
    "stack": "+sd",
    "classifier": "rf",
    "n_features": 2362,
    "sd_run": "SD-H_full_at_v2",
    "timestamp": "2026-04-30T23:33:46"
  }
}