{
  "experiment_id": "T1.6_rf_sd_dbmdz_bert_base_historic_multilingual_cased_M2_rf_base",
  "timestamp": "2026-04-30T21:33:11.897980+00:00",
  "n_instances": 188,
  "scores": {
    "global_score": 0.4887539361223572,
    "macro_recall_at": 0.43803418803418803,
    "macro_recall_isAt": 0.5394736842105263,
    "at_details": {
      "recall_TRUE": 0.3333333333333333,
      "recall_PROBABLE": 0.0,
      "recall_FALSE": 0.9807692307692307,
      "macro_recall": 0.43803418803418803
    },
    "isAt_details": {
      "recall_TRUE": 0.07894736842105263,
      "recall_FALSE": 1.0,
      "macro_recall": 0.5394736842105263
    }
  },
  "at_classification_report": {
    "TRUE": {
      "precision": 0.9166666666666666,
      "recall": 0.3333333333333333,
      "f1-score": 0.4888888888888888,
      "support": 66
    },
    "PROBABLE": {
      "precision": 0.0,
      "recall": 0.0,
      "f1-score": 0.0,
      "support": 18
    },
    "FALSE": {
      "precision": 0.6219512195121951,
      "recall": 0.9807692307692307,
      "f1-score": 0.7611940298507464,
      "support": 104
    },
    "macro avg": {
      "precision": 0.5128726287262872,
      "recall": 0.43803418803418803,
      "f1-score": 0.4166943062465451,
      "support": 188
    },
    "weighted avg": {
      "precision": 0.6658666320705761,
      "recall": 0.6595744680851063,
      "f1-score": 0.5927172647401291,
      "support": 188
    }
  },
  "isAt_classification_report": {
    "TRUE": {
      "precision": 1.0,
      "recall": 0.07894736842105263,
      "f1-score": 0.14634146341463414,
      "support": 38
    },
    "FALSE": {
      "precision": 0.8108108108108109,
      "recall": 1.0,
      "f1-score": 0.8955223880597014,
      "support": 150
    },
    "macro avg": {
      "precision": 0.9054054054054055,
      "recall": 0.5394736842105263,
      "f1-score": 0.5209319257371677,
      "support": 188
    },
    "weighted avg": {
      "precision": 0.8490511788384129,
      "recall": 0.8138297872340425,
      "f1-score": 0.7440922011633581,
      "support": 188
    }
  },
  "at_confusion_matrix": [
    [
      22,
      0,
      44
    ],
    [
      0,
      0,
      18
    ],
    [
      2,
      0,
      102
    ]
  ],
  "isAt_confusion_matrix": [
    [
      3,
      35
    ],
    [
      0,
      150
    ]
  ],
  "at_labels": [
    "TRUE",
    "PROBABLE",
    "FALSE"
  ],
  "isAt_labels": [
    "TRUE",
    "FALSE"
  ],
  "metadata": {
    "n_instances": 188,
    "stack": "base",
    "classifier": "rf",
    "n_features": 2319,
    "sd_run": "SD-H_full_at_v2",
    "timestamp": "2026-04-30T23:33:11"
  }
}