{
  "experiment_id": "T1.6_rf_sd_dbmdz_bert_base_historic_multilingual_cased_M2_lr_evidence",
  "timestamp": "2026-04-30T21:33:22.124239+00:00",
  "n_instances": 188,
  "scores": {
    "global_score": 0.6672553129132077,
    "macro_recall_at": 0.5885457135457136,
    "macro_recall_isAt": 0.7459649122807017,
    "at_details": {
      "recall_TRUE": 0.6363636363636364,
      "recall_PROBABLE": 0.3888888888888889,
      "recall_FALSE": 0.7403846153846154,
      "macro_recall": 0.5885457135457136
    },
    "isAt_details": {
      "recall_TRUE": 0.6052631578947368,
      "recall_FALSE": 0.8866666666666667,
      "macro_recall": 0.7459649122807017
    }
  },
  "at_classification_report": {
    "TRUE": {
      "precision": 0.6086956521739131,
      "recall": 0.6363636363636364,
      "f1-score": 0.6222222222222223,
      "support": 66
    },
    "PROBABLE": {
      "precision": 0.4375,
      "recall": 0.3888888888888889,
      "f1-score": 0.411764705882353,
      "support": 18
    },
    "FALSE": {
      "precision": 0.7475728155339806,
      "recall": 0.7403846153846154,
      "f1-score": 0.7439613526570048,
      "support": 104
    },
    "macro avg": {
      "precision": 0.597922822569298,
      "recall": 0.5885457135457136,
      "f1-score": 0.5926494269205267,
      "support": 188
    },
    "weighted avg": {
      "precision": 0.6691302439309162,
      "recall": 0.6702127659574468,
      "f1-score": 0.6694170853663698,
      "support": 188
    }
  },
  "isAt_classification_report": {
    "TRUE": {
      "precision": 0.575,
      "recall": 0.6052631578947368,
      "f1-score": 0.5897435897435896,
      "support": 38
    },
    "FALSE": {
      "precision": 0.8986486486486487,
      "recall": 0.8866666666666667,
      "f1-score": 0.8926174496644295,
      "support": 150
    },
    "macro avg": {
      "precision": 0.7368243243243243,
      "recall": 0.7459649122807017,
      "f1-score": 0.7411805197040096,
      "support": 188
    },
    "weighted avg": {
      "precision": 0.8332303047728579,
      "recall": 0.8297872340425532,
      "f1-score": 0.8313982652123448,
      "support": 188
    }
  },
  "at_confusion_matrix": [
    [
      42,
      5,
      19
    ],
    [
      4,
      7,
      7
    ],
    [
      23,
      4,
      77
    ]
  ],
  "isAt_confusion_matrix": [
    [
      23,
      15
    ],
    [
      17,
      133
    ]
  ],
  "at_labels": [
    "TRUE",
    "PROBABLE",
    "FALSE"
  ],
  "isAt_labels": [
    "TRUE",
    "FALSE"
  ],
  "metadata": {
    "n_instances": 188,
    "stack": "+evidence",
    "classifier": "lr",
    "n_features": 2346,
    "sd_run": "SD-H_full_at_v2",
    "timestamp": "2026-04-30T23:33:22"
  }
}