{
  "experiment_id": "T1_hybrid_T15RFat_Llama70BisAt",
  "timestamp": "2026-04-30T21:38:55.561808+00:00",
  "n_instances": 352,
  "scores": {
    "global_score": 0.6786373858533097,
    "macro_recall_at": 0.5083500405238238,
    "macro_recall_isAt": 0.8489247311827957,
    "at_details": {
      "recall_TRUE": 0.36134453781512604,
      "recall_PROBABLE": 0.25,
      "recall_FALSE": 0.9137055837563451,
      "macro_recall": 0.5083500405238238
    },
    "isAt_details": {
      "recall_TRUE": 0.8333333333333334,
      "recall_FALSE": 0.864516129032258,
      "macro_recall": 0.8489247311827957
    }
  },
  "at_classification_report": {
    "TRUE": {
      "precision": 0.7049180327868853,
      "recall": 0.36134453781512604,
      "f1-score": 0.4777777777777778,
      "support": 119
    },
    "PROBABLE": {
      "precision": 0.75,
      "recall": 0.25,
      "f1-score": 0.375,
      "support": 36
    },
    "FALSE": {
      "precision": 0.6451612903225806,
      "recall": 0.9137055837563451,
      "f1-score": 0.7563025210084032,
      "support": 197
    },
    "macro avg": {
      "precision": 0.7000264410364886,
      "recall": 0.5083500405238238,
      "f1-score": 0.5363600995953938,
      "support": 352
    },
    "weighted avg": {
      "precision": 0.6760852843613289,
      "recall": 0.6590909090909091,
      "f1-score": 0.6231453187335539,
      "support": 352
    }
  },
  "isAt_classification_report": {
    "TRUE": {
      "precision": 0.45454545454545453,
      "recall": 0.8333333333333334,
      "f1-score": 0.5882352941176471,
      "support": 42
    },
    "FALSE": {
      "precision": 0.9745454545454545,
      "recall": 0.864516129032258,
      "f1-score": 0.9162393162393162,
      "support": 310
    },
    "macro avg": {
      "precision": 0.7145454545454545,
      "recall": 0.8489247311827957,
      "f1-score": 0.7522373051784816,
      "support": 352
    },
    "weighted avg": {
      "precision": 0.9124999999999998,
      "recall": 0.8607954545454546,
      "f1-score": 0.877102472690708,
      "support": 352
    }
  },
  "at_confusion_matrix": [
    [
      43,
      2,
      74
    ],
    [
      2,
      9,
      25
    ],
    [
      16,
      1,
      180
    ]
  ],
  "isAt_confusion_matrix": [
    [
      35,
      7
    ],
    [
      42,
      268
    ]
  ],
  "at_labels": [
    "TRUE",
    "PROBABLE",
    "FALSE"
  ],
  "isAt_labels": [
    "TRUE",
    "FALSE"
  ],
  "metadata": {
    "source_pa": "logs\\ablations\\T1.4or5_mask_T1.5_handcrafted_RF_at_at-test_predictions.jsonl",
    "source_pb": "logs\\ablations\\T1_llm_zeroshot_PAB_openrouter_llama-33-70b-instruct_isAt-test_predictions.jsonl",
    "n_pa": 188,
    "n_pb": 188,
    "n_overlap": 24,
    "n_combined": 352
  }
}