{
  "experiment_id": "T1_hybrid_DisStacker4_alpha_at_GemmaIsAt",
  "timestamp": "2026-05-05T08:09:16.432378+00:00",
  "n_instances": 188,
  "scores": {
    "global_score": 0.8121644924276503,
    "macro_recall_at": 0.7699430199430201,
    "macro_recall_isAt": 0.8543859649122807,
    "at_details": {
      "recall_TRUE": 0.8333333333333334,
      "recall_PROBABLE": 0.6111111111111112,
      "recall_FALSE": 0.8653846153846154,
      "macro_recall": 0.7699430199430201
    },
    "isAt_details": {
      "recall_TRUE": 0.8421052631578947,
      "recall_FALSE": 0.8666666666666667,
      "macro_recall": 0.8543859649122807
    }
  },
  "at_classification_report": {
    "TRUE": {
      "precision": 0.8088235294117647,
      "recall": 0.8333333333333334,
      "f1-score": 0.8208955223880597,
      "support": 66
    },
    "PROBABLE": {
      "precision": 0.6470588235294118,
      "recall": 0.6111111111111112,
      "f1-score": 0.6285714285714287,
      "support": 18
    },
    "FALSE": {
      "precision": 0.8737864077669902,
      "recall": 0.8653846153846154,
      "f1-score": 0.8695652173913043,
      "support": 104
    },
    "macro avg": {
      "precision": 0.776556253569389,
      "recall": 0.7699430199430201,
      "f1-score": 0.7730107227835976,
      "support": 188
    },
    "weighted avg": {
      "precision": 0.8292723307046429,
      "recall": 0.8297872340425532,
      "f1-score": 0.829405174471241,
      "support": 188
    }
  },
  "isAt_classification_report": {
    "TRUE": {
      "precision": 0.6153846153846154,
      "recall": 0.8421052631578947,
      "f1-score": 0.7111111111111111,
      "support": 38
    },
    "FALSE": {
      "precision": 0.9558823529411765,
      "recall": 0.8666666666666667,
      "f1-score": 0.9090909090909091,
      "support": 150
    },
    "macro avg": {
      "precision": 0.785633484162896,
      "recall": 0.8543859649122807,
      "f1-score": 0.8101010101010101,
      "support": 188
    },
    "weighted avg": {
      "precision": 0.8870583421584672,
      "recall": 0.8617021276595744,
      "f1-score": 0.8690737158822264,
      "support": 188
    }
  },
  "at_confusion_matrix": [
    [
      55,
      2,
      9
    ],
    [
      3,
      11,
      4
    ],
    [
      10,
      4,
      90
    ]
  ],
  "isAt_confusion_matrix": [
    [
      32,
      6
    ],
    [
      20,
      130
    ]
  ],
  "at_labels": [
    "TRUE",
    "PROBABLE",
    "FALSE"
  ],
  "isAt_labels": [
    "TRUE",
    "FALSE"
  ],
  "metadata": {
    "spec": "HIPE2026_Disagreement_Stacker_Specs.md v1.0",
    "at_sources": [
      {
        "name": "RF",
        "path": "logs\\ablations\\T1.4or5_mask_T1.5_handcrafted_RF_at_at-test_predictions.jsonl"
      },
      {
        "name": "C4-SDov",
        "path": "logs\\ablations\\T1.4or5_mask_C4_mask+e1+e2+temporal_LR_at_at-test+SDov_PROBABLE_from_FALSE_nw0.05_predictions.jsonl"
      },
      {
        "name": "OrdContM1",
        "path": "logs\\ablations\\T1.4or5_mask_contrastive_ordinal_m1_at-test_predictions.jsonl"
      },
      {
        "name": "Gemma",
        "path": "logs\\ablations\\T1_llm_zeroshot_PAB_openrouter_gemma-4-31b-it_at-test_predictions.jsonl"
      }
    ],
    "isAt_source": "logs\\ablations\\T1_llm_zeroshot_PAB_openrouter_gemma-4-31b-it_at-test_predictions.jsonl",
    "tiebreaker": "alphabetical",
    "fallback_strategy": "ordinal",
    "fallback_label": "FALSE",
    "n_unique_vote_tuples": 38,
    "vote_tuple_distribution": [
      {
        "vote_tuple": [
          "FALSE",
          "FALSE",
          "FALSE",
          "FALSE"
        ],
        "n": 38
      },
      {
        "vote_tuple": [
          "TRUE",
          "TRUE",
          "TRUE",
          "TRUE"
        ],
        "n": 34
      },
      {
        "vote_tuple": [
          "FALSE",
          "FALSE",
          "FALSE",
          "TRUE"
        ],
        "n": 11
      },
      {
        "vote_tuple": [
          "FALSE",
          "FALSE",
          "FALSE",
          "PROBABLE"
        ],
        "n": 10
      },
      {
        "vote_tuple": [
          "FALSE",
          "FALSE",
          "TRUE",
          "TRUE"
        ],
        "n": 8
      },
      {
        "vote_tuple": [
          "TRUE",
          "TRUE",
          "TRUE",
          "FALSE"
        ],
        "n": 7
      },
      {
        "vote_tuple": [
          "TRUE",
          "FALSE",
          "TRUE",
          "TRUE"
        ],
        "n": 7
      },
      {
        "vote_tuple": [
          "FALSE",
          "FALSE",
          "TRUE",
          "FALSE"
        ],
        "n": 6
      },
      {
        "vote_tuple": [
          "FALSE",
          "TRUE",
          "TRUE",
          "TRUE"
        ],
        "n": 6
      },
      {
        "vote_tuple": [
          "PROBABLE",
          "PROBABLE",
          "PROBABLE",
          "TRUE"
        ],
        "n": 5
      },
      {
        "vote_tuple": [
          "FALSE",
          "FALSE",
          "PROBABLE",
          "FALSE"
        ],
        "n": 4
      },
      {
        "vote_tuple": [
          "FALSE",
          "PROBABLE",
          "PROBABLE",
          "TRUE"
        ],
        "n": 4
      },
      {
        "vote_tuple": [
          "PROBABLE",
          "FALSE",
          "PROBABLE",
          "TRUE"
        ],
        "n": 4
      },
      {
        "vote_tuple": [
          "TRUE",
          "TRUE",
          "PROBABLE",
          "TRUE"
        ],
        "n": 3
      },
      {
        "vote_tuple": [
          "FALSE",
          "TRUE",
          "TRUE",
          "FALSE"
        ],
        "n": 3
      },
      {
        "vote_tuple": [
          "FALSE",
          "TRUE",
          "FALSE",
          "TRUE"
        ],
        "n": 3
      },
      {
        "vote_tuple": [
          "FALSE",
          "TRUE",
          "PROBABLE",
          "TRUE"
        ],
        "n": 3
      },
      {
        "vote_tuple": [
          "FALSE",
          "TRUE",
          "FALSE",
          "FALSE"
        ],
        "n": 3
      },
      {
        "vote_tuple": [
          "FALSE",
          "PROBABLE",
          "PROBABLE",
          "FALSE"
        ],
        "n": 2
      },
      {
        "vote_tuple": [
          "FALSE",
          "FALSE",
          "PROBABLE",
          "PROBABLE"
        ],
        "n": 2
      },
      {
        "vote_tuple": [
          "FALSE",
          "PROBABLE",
          "TRUE",
          "FALSE"
        ],
        "n": 2
      },
      {
        "vote_tuple": [
          "TRUE",
          "FALSE",
          "TRUE",
          "FALSE"
        ],
        "n": 2
      },
      {
        "vote_tuple": [
          "FALSE",
          "TRUE",
          "PROBABLE",
          "FALSE"
        ],
        "n": 2
      },
      {
        "vote_tuple": [
          "FALSE",
          "FALSE",
          "TRUE",
          "PROBABLE"
        ],
        "n": 2
      },
      {
        "vote_tuple": [
          "TRUE",
          "TRUE",
          "FALSE",
          "TRUE"
        ],
        "n": 2
      },
      {
        "vote_tuple": [
          "FALSE",
          "FALSE",
          "PROBABLE",
          "TRUE"
        ],
        "n": 2
      },
      {
        "vote_tuple": [
          "TRUE",
          "FALSE",
          "FALSE",
          "TRUE"
        ],
        "n": 2
      },
      {
        "vote_tuple": [
          "TRUE",
          "FALSE",
          "PROBABLE",
          "FALSE"
        ],
        "n": 1
      },
      {
        "vote_tuple": [
          "TRUE",
          "PROBABLE",
          "TRUE",
          "TRUE"
        ],
        "n": 1
      },
      {
        "vote_tuple": [
          "FALSE",
          "TRUE",
          "TRUE",
          "PROBABLE"
        ],
        "n": 1
      },
      {
        "vote_tuple": [
          "FALSE",
          "TRUE",
          "FALSE",
          "PROBABLE"
        ],