{
  "experiment_id": "T1_hybrid_RFat_MASKC4isAt_at-test",
  "timestamp": "2026-04-30T12:03:27.246769+00:00",
  "n_instances": 188,
  "scores": {
    "global_score": 0.7142370056843741,
    "macro_recall_at": 0.6626845376845377,
    "macro_recall_isAt": 0.7657894736842106,
    "at_details": {
      "recall_TRUE": 0.6515151515151515,
      "recall_PROBABLE": 0.5,
      "recall_FALSE": 0.8365384615384616,
      "macro_recall": 0.6626845376845377
    },
    "isAt_details": {
      "recall_TRUE": 0.631578947368421,
      "recall_FALSE": 0.9,
      "macro_recall": 0.7657894736842106
    }
  },
  "at_classification_report": {
    "TRUE": {
      "precision": 0.7049180327868853,
      "recall": 0.6515151515151515,
      "f1-score": 0.6771653543307087,
      "support": 66
    },
    "PROBABLE": {
      "precision": 0.75,
      "recall": 0.5,
      "f1-score": 0.6,
      "support": 18
    },
    "FALSE": {
      "precision": 0.7565217391304347,
      "recall": 0.8365384615384616,
      "f1-score": 0.7945205479452055,
      "support": 104
    },
    "macro avg": {
      "precision": 0.7371465906391067,
      "recall": 0.6626845376845377,
      "f1-score": 0.6905619674253046,
      "support": 188
    },
    "weighted avg": {
      "precision": 0.737781122518615,
      "recall": 0.7393617021276596,
      "f1-score": 0.7346970764474902,
      "support": 188
    }
  },
  "isAt_classification_report": {
    "TRUE": {
      "precision": 0.6153846153846154,
      "recall": 0.631578947368421,
      "f1-score": 0.6233766233766234,
      "support": 38
    },
    "FALSE": {
      "precision": 0.9060402684563759,
      "recall": 0.9,
      "f1-score": 0.903010033444816,
      "support": 150
    },
    "macro avg": {
      "precision": 0.7607124419204956,
      "recall": 0.7657894736842106,
      "f1-score": 0.7631933284107197,
      "support": 188
    },
    "weighted avg": {
      "precision": 0.8472907215588923,
      "recall": 0.8457446808510638,
      "f1-score": 0.8464883867289047,
      "support": 188
    }
  },
  "at_confusion_matrix": [
    [
      43,
      2,
      21
    ],
    [
      2,
      9,
      7
    ],
    [
      16,
      1,
      87
    ]
  ],
  "isAt_confusion_matrix": [
    [
      24,
      14
    ],
    [
      15,
      135
    ]
  ],
  "at_labels": [
    "TRUE",
    "PROBABLE",
    "FALSE"
  ],
  "isAt_labels": [
    "TRUE",
    "FALSE"
  ],
  "metadata": {
    "source_pa": "logs\\ablations\\T1.4or5_mask_T1.5_handcrafted_RF_at_at-test_predictions.jsonl",
    "source_pb": "logs\\ablations\\T1.4or5_mask_C4_mask+e1+e2+temporal_LR_isAt_at-test_predictions.jsonl",
    "n_pa": 188,
    "n_pb": 188,
    "n_overlap": 188,
    "n_combined": 188
  }
}