{
  "experiment_id": "T1_llm_zeroshot_PB_openrouter_llama-33-70b-instruct_at-test",
  "timestamp": "2026-04-30T21:29:08.556771+00:00",
  "n_instances": 188,
  "scores": {
    "global_score": 0.5280701754385965,
    "macro_recall_at": 0.3333333333333333,
    "macro_recall_isAt": 0.7228070175438597,
    "at_details": {
      "recall_TRUE": 0.0,
      "recall_PROBABLE": 0.0,
      "recall_FALSE": 1.0,
      "macro_recall": 0.3333333333333333
    },
    "isAt_details": {
      "recall_TRUE": 0.5789473684210527,
      "recall_FALSE": 0.8666666666666667,
      "macro_recall": 0.7228070175438597
    }
  },
  "at_classification_report": {
    "TRUE": {
      "precision": 0.0,
      "recall": 0.0,
      "f1-score": 0.0,
      "support": 66
    },
    "PROBABLE": {
      "precision": 0.0,
      "recall": 0.0,
      "f1-score": 0.0,
      "support": 18
    },
    "FALSE": {
      "precision": 0.5531914893617021,
      "recall": 1.0,
      "f1-score": 0.7123287671232876,
      "support": 104
    },
    "macro avg": {
      "precision": 0.1843971631205674,
      "recall": 0.3333333333333333,
      "f1-score": 0.2374429223744292,
      "support": 188
    },
    "weighted avg": {
      "precision": 0.3060208239022182,
      "recall": 0.5531914893617021,
      "f1-score": 0.39405421160011656,
      "support": 188
    }
  },
  "isAt_classification_report": {
    "TRUE": {
      "precision": 0.5238095238095238,
      "recall": 0.5789473684210527,
      "f1-score": 0.5500000000000002,
      "support": 38
    },
    "FALSE": {
      "precision": 0.8904109589041096,
      "recall": 0.8666666666666667,
      "f1-score": 0.8783783783783784,
      "support": 150
    },
    "macro avg": {
      "precision": 0.7071102413568167,
      "recall": 0.7228070175438597,
      "f1-score": 0.7141891891891893,
      "support": 188
    },
    "weighted avg": {
      "precision": 0.8163106688317997,
      "recall": 0.8085106382978723,
      "f1-score": 0.8120040253018977,
      "support": 188
    }
  },
  "at_confusion_matrix": [
    [
      0,
      0,
      66
    ],
    [
      0,
      0,
      18
    ],
    [
      0,
      0,
      104
    ]
  ],
  "isAt_confusion_matrix": [
    [
      22,
      16
    ],
    [
      20,
      130
    ]
  ],
  "at_labels": [
    "TRUE",
    "PROBABLE",
    "FALSE"
  ],
  "isAt_labels": [
    "TRUE",
    "FALSE"
  ],
  "metadata": {
    "n_instances": 188,
    "total_time_seconds": 163.08986700093374,
    "avg_latency_ms": 867.4992925581581,
    "predictor_config": {
      "variant": "B",
      "provider": "openrouter",
      "model": "meta-llama/llama-3.3-70b-instruct",
      "temperature": 0.0,
      "max_tokens": 512,
      "text_field": "text",
      "include_wikidata": false,
      "include_temporal": false,
      "k_retrieved": 0,
      "retriever_dir": null,
      "retriever_prefer_language": "auto",
      "diversify_retrieved_labels": false,
      "zero_shot": true
    },
    "data_split": {
      "task": "at",
      "n_test": 188,
      "limit": null
    },
    "predictor_stats": {
      "n_calls": 188,
      "parse_ok": 188,
      "parse_partial": 0,
      "parse_fail": 0,
      "prompt_tokens": 489172,
      "completion_tokens": 1494,
      "model": "meta-llama/llama-3.3-70b-instruct",
      "provider": "openrouter",
      "fallback_provider": "deepinfra",
      "n_fallback_calls": 0,
      "variant": "B",
      "k_retrieved": 0,
      "avg_retrieved_per_call": 0.0,
      "n_samples": 1,
      "sample_temperature": 0.7
    }
  }
}