{
  "experiment_id": "T1_llm_hybrid_PA-rag3_PB-zeroshot_at-test_v3",
  "timestamp": "2026-04-30T10:30:35.662483+00:00",
  "n_instances": 188,
  "scores": {
    "global_score": 0.5208556891451628,
    "macro_recall_at": 0.4418868168868169,
    "macro_recall_isAt": 0.5998245614035087,
    "at_details": {
      "recall_TRUE": 0.8181818181818182,
      "recall_PROBABLE": 0.05555555555555555,
      "recall_FALSE": 0.4519230769230769,
      "macro_recall": 0.4418868168868169
    },
    "isAt_details": {
      "recall_TRUE": 0.5263157894736842,
      "recall_FALSE": 0.6733333333333333,
      "macro_recall": 0.5998245614035087
    }
  },
  "at_classification_report": {
    "TRUE": {
      "precision": 0.43902439024390244,
      "recall": 0.8181818181818182,
      "f1-score": 0.5714285714285715,
      "support": 66
    },
    "PROBABLE": {
      "precision": 0.2,
      "recall": 0.05555555555555555,
      "f1-score": 0.08695652173913045,
      "support": 18
    },
    "FALSE": {
      "precision": 0.7833333333333333,
      "recall": 0.4519230769230769,
      "f1-score": 0.573170731707317,
      "support": 104
    },
    "macro avg": {
      "precision": 0.47411924119241194,
      "recall": 0.4418868168868169,
      "f1-score": 0.410518608291673,
      "support": 188
    },
    "weighted avg": {
      "precision": 0.6066078533125757,
      "recall": 0.5425531914893617,
      "f1-score": 0.5260066978891013,
      "support": 188
    }
  },
  "isAt_classification_report": {
    "TRUE": {
      "precision": 0.2898550724637681,
      "recall": 0.5263157894736842,
      "f1-score": 0.37383177570093457,
      "support": 38
    },
    "FALSE": {
      "precision": 0.8487394957983193,
      "recall": 0.6733333333333333,
      "f1-score": 0.7509293680297398,
      "support": 150
    },
    "macro avg": {
      "precision": 0.5692972841310437,
      "recall": 0.5998245614035087,
      "f1-score": 0.5623805718653372,
      "support": 188
    },
    "weighted avg": {
      "precision": 0.7357734953370803,
      "recall": 0.6436170212765957,
      "f1-score": 0.6747075142611515,
      "support": 188
    }
  },
  "at_confusion_matrix": [
    [
      54,
      2,
      10
    ],
    [
      14,
      1,
      3
    ],
    [
      55,
      2,
      47
    ]
  ],
  "isAt_confusion_matrix": [
    [
      20,
      18
    ],
    [
      49,
      101
    ]
  ],
  "at_labels": [
    "TRUE",
    "PROBABLE",
    "FALSE"
  ],
  "isAt_labels": [
    "TRUE",
    "FALSE"
  ],
  "metadata": {
    "source_pa": "logs\\ablations\\T1_llm_rag3_PA_at-test_v3_adjustable_predictions.jsonl",
    "source_pb": "logs\\ablations\\T1.1_llm_zeroshot_PB_v2_fixed_prompt_predictions.jsonl",
    "n_pa": 188,
    "n_pb": 188,
    "n_overlap": 188,
    "n_combined": 188
  }
}