{
  "experiment_id": "T1_llm_rag3_PA_at-test_v3_adjustable",
  "timestamp": "2026-04-30T10:07:53.747837+00:00",
  "n_instances": 188,
  "scores": {
    "global_score": 0.47094340844340843,
    "macro_recall_at": 0.4418868168868169,
    "macro_recall_isAt": 0.5,
    "at_details": {
      "recall_TRUE": 0.8181818181818182,
      "recall_PROBABLE": 0.05555555555555555,
      "recall_FALSE": 0.4519230769230769,
      "macro_recall": 0.4418868168868169
    },
    "isAt_details": {
      "recall_TRUE": 0.0,
      "recall_FALSE": 1.0,
      "macro_recall": 0.5
    }
  },
  "at_classification_report": {
    "TRUE": {
      "precision": 0.43902439024390244,
      "recall": 0.8181818181818182,
      "f1-score": 0.5714285714285715,
      "support": 66
    },
    "PROBABLE": {
      "precision": 0.2,
      "recall": 0.05555555555555555,
      "f1-score": 0.08695652173913045,
      "support": 18
    },
    "FALSE": {
      "precision": 0.7833333333333333,
      "recall": 0.4519230769230769,
      "f1-score": 0.573170731707317,
      "support": 104
    },
    "macro avg": {
      "precision": 0.47411924119241194,
      "recall": 0.4418868168868169,
      "f1-score": 0.410518608291673,
      "support": 188
    },
    "weighted avg": {
      "precision": 0.6066078533125757,
      "recall": 0.5425531914893617,
      "f1-score": 0.5260066978891013,
      "support": 188
    }
  },
  "isAt_classification_report": {
    "TRUE": {
      "precision": 0.0,
      "recall": 0.0,
      "f1-score": 0.0,
      "support": 38
    },
    "FALSE": {
      "precision": 0.7978723404255319,
      "recall": 1.0,
      "f1-score": 0.8875739644970414,
      "support": 150
    },
    "macro avg": {
      "precision": 0.39893617021276595,
      "recall": 0.5,
      "f1-score": 0.4437869822485207,
      "support": 188
    },
    "weighted avg": {
      "precision": 0.6366002716161159,
      "recall": 0.7978723404255319,
      "f1-score": 0.7081707163540224,
      "support": 188
    }
  },
  "at_confusion_matrix": [
    [
      54,
      2,
      10
    ],
    [
      14,
      1,
      3
    ],
    [
      55,
      2,
      47
    ]
  ],
  "isAt_confusion_matrix": [
    [
      0,
      38
    ],
    [
      0,
      150
    ]
  ],
  "at_labels": [
    "TRUE",
    "PROBABLE",
    "FALSE"
  ],
  "isAt_labels": [
    "TRUE",
    "FALSE"
  ],
  "metadata": {
    "n_instances": 188,
    "total_time_seconds": 208.75423360004788,
    "avg_latency_ms": 1110.394859574723,
    "predictor_config": {
      "variant": "A",
      "provider": "deepinfra",
      "model": "meta-llama/Meta-Llama-3.1-8B-Instruct",
      "temperature": 0.0,
      "max_tokens": 256,
      "text_field": "text",
      "include_wikidata": false,
      "include_temporal": false,
      "k_retrieved": 3,
      "retriever_dir": "runs/retriever_at_bgem3",
      "retriever_prefer_language": "auto",
      "diversify_retrieved_labels": false,
      "zero_shot": false
    },
    "data_split": {
      "task": "at",
      "n_test": 188,
      "limit": null
    },
    "predictor_stats": {
      "n_calls": 188,
      "parse_ok": 188,
      "parse_partial": 0,
      "parse_fail": 0,
      "prompt_tokens": 446952,
      "completion_tokens": 1514,
      "model": "meta-llama/Meta-Llama-3.1-8B-Instruct",
      "provider": "deepinfra",
      "variant": "A",
      "k_retrieved": 3,
      "avg_retrieved_per_call": 3.0
    }
  }
}