{
  "experiment_id": "T1_llm_rag3_wd_temp_PR_at-test_v2",
  "timestamp": "2026-04-30T09:54:48.027482+00:00",
  "n_instances": 188,
  "scores": {
    "global_score": 0.5299823811665917,
    "macro_recall_at": 0.4618945868945869,
    "macro_recall_isAt": 0.5980701754385964,
    "at_details": {
      "recall_TRUE": 0.3333333333333333,
      "recall_PROBABLE": 0.8888888888888888,
      "recall_FALSE": 0.16346153846153846,
      "macro_recall": 0.4618945868945869
    },
    "isAt_details": {
      "recall_TRUE": 0.2894736842105263,
      "recall_FALSE": 0.9066666666666666,
      "macro_recall": 0.5980701754385964
    }
  },
  "at_classification_report": {
    "TRUE": {
      "precision": 0.7586206896551724,
      "recall": 0.3333333333333333,
      "f1-score": 0.4631578947368421,
      "support": 66
    },
    "PROBABLE": {
      "precision": 0.11510791366906475,
      "recall": 0.8888888888888888,
      "f1-score": 0.20382165605095542,
      "support": 18
    },
    "FALSE": {
      "precision": 0.85,
      "recall": 0.16346153846153846,
      "f1-score": 0.2741935483870968,
      "support": 104
    },
    "macro avg": {
      "precision": 0.574576201108079,
      "recall": 0.4618945868945869,
      "f1-score": 0.3137243663916314,
      "support": 188
    },
    "weighted avg": {
      "precision": 0.7475580210813006,
      "recall": 0.2925531914893617,
      "f1-score": 0.3337943611372704,
      "support": 188
    }
  },
  "isAt_classification_report": {
    "TRUE": {
      "precision": 0.44,
      "recall": 0.2894736842105263,
      "f1-score": 0.34920634920634924,
      "support": 38
    },
    "FALSE": {
      "precision": 0.8343558282208589,
      "recall": 0.9066666666666666,
      "f1-score": 0.8690095846645367,
      "support": 150
    },
    "macro avg": {
      "precision": 0.6371779141104295,
      "recall": 0.5980701754385964,
      "f1-score": 0.609107966935443,
      "support": 188
    },
    "weighted avg": {
      "precision": 0.7546456076230257,
      "recall": 0.7819148936170213,
      "f1-score": 0.7639429732421371,
      "support": 188
    }
  },
  "at_confusion_matrix": [
    [
      22,
      41,
      3
    ],
    [
      2,
      16,
      0
    ],
    [
      5,
      82,
      17
    ]
  ],
  "isAt_confusion_matrix": [
    [
      11,
      27
    ],
    [
      14,
      136
    ]
  ],
  "at_labels": [
    "TRUE",
    "PROBABLE",
    "FALSE"
  ],
  "isAt_labels": [
    "TRUE",
    "FALSE"
  ],
  "metadata": {
    "n_instances": 188,
    "total_time_seconds": 920.9888038004865,
    "avg_latency_ms": 4898.8766159600345,
    "predictor_config": {
      "variant": "R",
      "provider": "deepinfra",
      "model": "meta-llama/Meta-Llama-3.1-8B-Instruct",
      "temperature": 0.0,
      "max_tokens": 512,
      "text_field": "text",
      "include_wikidata": true,
      "include_temporal": true,
      "k_retrieved": 3,
      "retriever_dir": "runs/retriever_at_bgem3",
      "retriever_prefer_language": "auto",
      "diversify_retrieved_labels": false,
      "zero_shot": false
    },
    "data_split": {
      "task": "at",
      "n_test": 188,
      "limit": null
    },
    "predictor_stats": {
      "n_calls": 188,
      "parse_ok": 183,
      "parse_partial": 2,
      "parse_fail": 3,
      "prompt_tokens": 426295,
      "completion_tokens": 39598,
      "model": "meta-llama/Meta-Llama-3.1-8B-Instruct",
      "provider": "deepinfra",
      "variant": "R",
      "k_retrieved": 3,
      "avg_retrieved_per_call": 3.0
    }
  }
}