{
  "experiment_id": "T1_llm_zeroshot_PAB_openrouter_llama-33-70b-instruct_at-test",
  "timestamp": "2026-04-30T21:29:40.099226+00:00",
  "n_instances": 188,
  "scores": {
    "global_score": 0.6341820703662808,
    "macro_recall_at": 0.506960631960632,
    "macro_recall_isAt": 0.7614035087719297,
    "at_details": {
      "recall_TRUE": 0.8787878787878788,
      "recall_PROBABLE": 0.05555555555555555,
      "recall_FALSE": 0.5865384615384616,
      "macro_recall": 0.506960631960632
    },
    "isAt_details": {
      "recall_TRUE": 0.7894736842105263,
      "recall_FALSE": 0.7333333333333333,
      "macro_recall": 0.7614035087719297
    }
  },
  "at_classification_report": {
    "TRUE": {
      "precision": 0.5631067961165048,
      "recall": 0.8787878787878788,
      "f1-score": 0.6863905325443787,
      "support": 66
    },
    "PROBABLE": {
      "precision": 0.06666666666666667,
      "recall": 0.05555555555555555,
      "f1-score": 0.0606060606060606,
      "support": 18
    },
    "FALSE": {
      "precision": 0.8714285714285714,
      "recall": 0.5865384615384616,
      "f1-score": 0.7011494252873564,
      "support": 104
    },
    "macro avg": {
      "precision": 0.500400678070581,
      "recall": 0.506960631960632,
      "f1-score": 0.4827153394792652,
      "support": 188
    },
    "weighted avg": {
      "precision": 0.6861362764481954,
      "recall": 0.6382978723404256,
      "f1-score": 0.6346394918549103,
      "support": 188
    }
  },
  "isAt_classification_report": {
    "TRUE": {
      "precision": 0.42857142857142855,
      "recall": 0.7894736842105263,
      "f1-score": 0.5555555555555555,
      "support": 38
    },
    "FALSE": {
      "precision": 0.9322033898305084,
      "recall": 0.7333333333333333,
      "f1-score": 0.8208955223880597,
      "support": 150
    },
    "macro avg": {
      "precision": 0.6803874092009685,
      "recall": 0.7614035087719297,
      "f1-score": 0.6882255389718076,
      "support": 188
    },
    "weighted avg": {
      "precision": 0.8304054402143115,
      "recall": 0.7446808510638298,
      "f1-score": 0.7672629759006387,
      "support": 188
    }
  },
  "at_confusion_matrix": [
    [
      58,
      3,
      5
    ],
    [
      13,
      1,
      4
    ],
    [
      32,
      11,
      61
    ]
  ],
  "isAt_confusion_matrix": [
    [
      30,
      8
    ],
    [
      40,
      110
    ]
  ],
  "at_labels": [
    "TRUE",
    "PROBABLE",
    "FALSE"
  ],
  "isAt_labels": [
    "TRUE",
    "FALSE"
  ],
  "metadata": {
    "n_instances": 188,
    "total_time_seconds": 192.87390860146843,
    "avg_latency_ms": 1025.9250457524915,
    "predictor_config": {
      "variant": "AB",
      "provider": "openrouter",
      "model": "meta-llama/llama-3.3-70b-instruct",
      "temperature": 0.0,
      "max_tokens": 512,
      "text_field": "text",
      "include_wikidata": false,
      "include_temporal": false,
      "k_retrieved": 0,
      "retriever_dir": null,
      "retriever_prefer_language": "auto",
      "diversify_retrieved_labels": false,
      "zero_shot": true
    },
    "data_split": {
      "task": "at",
      "n_test": 188,
      "limit": null
    },
    "predictor_stats": {
      "n_calls": 188,
      "parse_ok": 177,
      "parse_partial": 11,
      "parse_fail": 0,
      "prompt_tokens": 332312,
      "completion_tokens": 4043,
      "model": "meta-llama/llama-3.3-70b-instruct",
      "provider": "openrouter",
      "fallback_provider": "deepinfra",
      "n_fallback_calls": 0,
      "variant": "AB",
      "k_retrieved": 0,
      "avg_retrieved_per_call": 0.0,
      "n_samples": 1,
      "sample_temperature": 0.7
    }
  }
}