{
  "experiment_id": "T1_llm_zeroshot_PA_openrouter_llama-33-70b-instruct_isAt-test",
  "timestamp": "2026-04-30T21:34:52.199269+00:00",
  "n_instances": 188,
  "scores": {
    "global_score": 0.5311242555931113,
    "macro_recall_at": 0.5622485111862224,
    "macro_recall_isAt": 0.5,
    "at_details": {
      "recall_TRUE": 0.75,
      "recall_PROBABLE": 0.5789473684210527,
      "recall_FALSE": 0.3577981651376147,
      "macro_recall": 0.5622485111862224
    },
    "isAt_details": {
      "recall_TRUE": 0.0,
      "recall_FALSE": 1.0,
      "macro_recall": 0.5
    }
  },
  "at_classification_report": {
    "TRUE": {
      "precision": 0.6428571428571429,
      "recall": 0.75,
      "f1-score": 0.6923076923076924,
      "support": 60
    },
    "PROBABLE": {
      "precision": 0.14864864864864866,
      "recall": 0.5789473684210527,
      "f1-score": 0.23655913978494625,
      "support": 19
    },
    "FALSE": {
      "precision": 0.8863636363636364,
      "recall": 0.3577981651376147,
      "f1-score": 0.5098039215686275,
      "support": 109
    },
    "macro avg": {
      "precision": 0.5592898092898093,
      "recall": 0.5622485111862224,
      "f1-score": 0.4795569178870887,
      "support": 188
    },
    "weighted avg": {
      "precision": 0.7340924960605811,
      "recall": 0.5053191489361702,
      "f1-score": 0.5404346417306166,
      "support": 188
    }
  },
  "isAt_classification_report": {
    "TRUE": {
      "precision": 0.0,
      "recall": 0.0,
      "f1-score": 0.0,
      "support": 42
    },
    "FALSE": {
      "precision": 0.776595744680851,
      "recall": 1.0,
      "f1-score": 0.8742514970059879,
      "support": 146
    },
    "macro avg": {
      "precision": 0.3882978723404255,
      "recall": 0.5,
      "f1-score": 0.43712574850299396,
      "support": 188
    },
    "weighted avg": {
      "precision": 0.6031009506564056,
      "recall": 0.776595744680851,
      "f1-score": 0.678939992355714,
      "support": 188
    }
  },
  "at_confusion_matrix": [
    [
      45,
      11,
      4
    ],
    [
      7,
      11,
      1
    ],
    [
      18,
      52,
      39
    ]
  ],
  "isAt_confusion_matrix": [
    [
      0,
      42
    ],
    [
      0,
      146
    ]
  ],
  "at_labels": [
    "TRUE",
    "PROBABLE",
    "FALSE"
  ],
  "isAt_labels": [
    "TRUE",
    "FALSE"
  ],
  "metadata": {
    "n_instances": 188,
    "total_time_seconds": 172.72073640103918,
    "avg_latency_ms": 918.7273212821233,
    "predictor_config": {
      "variant": "A",
      "provider": "openrouter",
      "model": "meta-llama/llama-3.3-70b-instruct",
      "temperature": 0.0,
      "max_tokens": 512,
      "text_field": "text",
      "include_wikidata": false,
      "include_temporal": false,
      "k_retrieved": 0,
      "retriever_dir": null,
      "retriever_prefer_language": "auto",
      "diversify_retrieved_labels": false,
      "zero_shot": true
    },
    "data_split": {
      "task": "isAt",
      "n_test": 188,
      "limit": null
    },
    "predictor_stats": {
      "n_calls": 188,
      "parse_ok": 181,
      "parse_partial": 7,
      "parse_fail": 0,
      "prompt_tokens": 366341,
      "completion_tokens": 1614,
      "model": "meta-llama/llama-3.3-70b-instruct",
      "provider": "openrouter",
      "fallback_provider": "deepinfra",
      "n_fallback_calls": 0,
      "variant": "A",
      "k_retrieved": 0,
      "avg_retrieved_per_call": 0.0,
      "n_samples": 1,
      "sample_temperature": 0.7
    }
  }
}