{
  "experiment_id": "T2_ksweep_k8_nodiv_PR_deepinfra_Meta-Llama-31-8B-Instruct_at-test",
  "timestamp": "2026-04-30T11:35:05.971000+00:00",
  "n_instances": 50,
  "scores": {
    "global_score": 0.666407867494824,
    "macro_recall_at": 0.6304347826086957,
    "macro_recall_isAt": 0.7023809523809523,
    "at_details": {
      "recall_TRUE": 0.5,
      "recall_PROBABLE": 1.0,
      "recall_FALSE": 0.391304347826087,
      "macro_recall": 0.6304347826086957
    },
    "isAt_details": {
      "recall_TRUE": 0.5714285714285714,
      "recall_FALSE": 0.8333333333333334,
      "macro_recall": 0.7023809523809523
    }
  },
  "at_classification_report": {
    "TRUE": {
      "precision": 0.7857142857142857,
      "recall": 0.5,
      "f1-score": 0.6111111111111112,
      "support": 22
    },
    "PROBABLE": {
      "precision": 0.19230769230769232,
      "recall": 1.0,
      "f1-score": 0.32258064516129037,
      "support": 5
    },
    "FALSE": {
      "precision": 0.9,
      "recall": 0.391304347826087,
      "f1-score": 0.5454545454545454,
      "support": 23
    },
    "macro avg": {
      "precision": 0.626007326007326,
      "recall": 0.6304347826086957,
      "f1-score": 0.49304876724231567,
      "support": 50
    },
    "weighted avg": {
      "precision": 0.778945054945055,
      "recall": 0.5,
      "f1-score": 0.5520560443141089,
      "support": 50
    }
  },
  "isAt_classification_report": {
    "TRUE": {
      "precision": 0.5714285714285714,
      "recall": 0.5714285714285714,
      "f1-score": 0.5714285714285714,
      "support": 14
    },
    "FALSE": {
      "precision": 0.8333333333333334,
      "recall": 0.8333333333333334,
      "f1-score": 0.8333333333333334,
      "support": 36
    },
    "macro avg": {
      "precision": 0.7023809523809523,
      "recall": 0.7023809523809523,
      "f1-score": 0.7023809523809523,
      "support": 50
    },
    "weighted avg": {
      "precision": 0.76,
      "recall": 0.76,
      "f1-score": 0.76,
      "support": 50
    }
  },
  "at_confusion_matrix": [
    [
      11,
      10,
      1
    ],
    [
      0,
      5,
      0
    ],
    [
      3,
      11,
      9
    ]
  ],
  "isAt_confusion_matrix": [
    [
      8,
      6
    ],
    [
      6,
      30
    ]
  ],
  "at_labels": [
    "TRUE",
    "PROBABLE",
    "FALSE"
  ],
  "isAt_labels": [
    "TRUE",
    "FALSE"
  ],
  "metadata": {
    "n_instances": 50,
    "total_time_seconds": 195.4111947999918,
    "avg_latency_ms": 3908.223895999836,
    "predictor_config": {
      "variant": "R",
      "provider": "deepinfra",
      "model": "meta-llama/Meta-Llama-3.1-8B-Instruct",
      "temperature": 0.0,
      "k_retrieved": 8,
      "diversify_retrieved_labels": false,
      "retriever_dir": "runs/retriever_at_bgem3",
      "retriever_prefer_language": "auto",
      "include_wikidata": false,
      "include_temporal": false
    },
    "data_split": {
      "task": "at",
      "n_test": 50,
      "limit": 50
    },
    "predictor_stats": {
      "n_calls": 50,
      "parse_ok": 49,
      "parse_partial": 1,
      "parse_fail": 0,
      "prompt_tokens": 106011,
      "completion_tokens": 9784,
      "model": "meta-llama/Meta-Llama-3.1-8B-Instruct",
      "provider": "deepinfra",
      "variant": "R",
      "k_retrieved": 8,
      "avg_retrieved_per_call": 8.0
    }
  }
}