{
  "experiment_id": "T2_ksweep_full_k8_nodiv_PR_deepinfra_Meta-Llama-31-8B-Instruct_at-test",
  "timestamp": "2026-04-30T15:45:40.183912+00:00",
  "n_instances": 188,
  "scores": {
    "global_score": 0.5921652421652421,
    "macro_recall_at": 0.48433048433048437,
    "macro_recall_isAt": 0.7,
    "at_details": {
      "recall_TRUE": 0.5,
      "recall_PROBABLE": 0.7222222222222222,
      "recall_FALSE": 0.23076923076923078,
      "macro_recall": 0.48433048433048437
    },
    "isAt_details": {
      "recall_TRUE": 0.5,
      "recall_FALSE": 0.9,
      "macro_recall": 0.7
    }
  },
  "at_classification_report": {
    "TRUE": {
      "precision": 0.6226415094339622,
      "recall": 0.5,
      "f1-score": 0.5546218487394957,
      "support": 66
    },
    "PROBABLE": {
      "precision": 0.12264150943396226,
      "recall": 0.7222222222222222,
      "f1-score": 0.20967741935483872,
      "support": 18
    },
    "FALSE": {
      "precision": 0.8275862068965517,
      "recall": 0.23076923076923078,
      "f1-score": 0.3609022556390978,
      "support": 104
    },
    "macro avg": {
      "precision": 0.5242897419214921,
      "recall": 0.48433048433048437,
      "f1-score": 0.37506717457781075,
      "support": 188
    },
    "weighted avg": {
      "precision": 0.6881428314345437,
      "recall": 0.3723404255319149,
      "f1-score": 0.41443122421095735,
      "support": 188
    }
  },
  "isAt_classification_report": {
    "TRUE": {
      "precision": 0.5588235294117647,
      "recall": 0.5,
      "f1-score": 0.5277777777777778,
      "support": 38
    },
    "FALSE": {
      "precision": 0.8766233766233766,
      "recall": 0.9,
      "f1-score": 0.888157894736842,
      "support": 150
    },
    "macro avg": {
      "precision": 0.7177234530175707,
      "recall": 0.7,
      "f1-score": 0.7079678362573099,
      "support": 188
    },
    "weighted avg": {
      "precision": 0.8123872372933698,
      "recall": 0.8191489361702128,
      "f1-score": 0.8153151051387332,
      "support": 188
    }
  },
  "at_confusion_matrix": [
    [
      33,
      28,
      5
    ],
    [
      5,
      13,
      0
    ],
    [
      15,
      65,
      24
    ]
  ],
  "isAt_confusion_matrix": [
    [
      19,
      19
    ],
    [
      15,
      135
    ]
  ],
  "at_labels": [
    "TRUE",
    "PROBABLE",
    "FALSE"
  ],
  "isAt_labels": [
    "TRUE",
    "FALSE"
  ],
  "metadata": {
    "n_instances": 188,
    "total_time_seconds": 1321.120803300233,
    "avg_latency_ms": 7027.238315426772,
    "predictor_config": {
      "variant": "R",
      "provider": "deepinfra",
      "model": "meta-llama/Meta-Llama-3.1-8B-Instruct",
      "temperature": 0.0,
      "k_retrieved": 8,
      "diversify_retrieved_labels": false,
      "retriever_dir": "runs/retriever_at_bgem3",
      "retriever_prefer_language": "auto",
      "include_wikidata": false,
      "include_temporal": false
    },
    "data_split": {
      "task": "at",
      "n_test": 188,
      "limit": null
    },
    "predictor_stats": {
      "n_calls": 188,
      "parse_ok": 179,
      "parse_partial": 9,
      "parse_fail": 0,
      "prompt_tokens": 544087,
      "completion_tokens": 39543,
      "model": "meta-llama/Meta-Llama-3.1-8B-Instruct",
      "provider": "deepinfra",
      "variant": "R",
      "k_retrieved": 8,
      "avg_retrieved_per_call": 8.0
    }
  }
}