{
  "experiment_id": "T2_ksweep_k1_nodiv_PR_deepinfra_Meta-Llama-31-8B-Instruct_at-test",
  "timestamp": "2026-04-30T11:13:54.280641+00:00",
  "n_instances": 50,
  "scores": {
    "global_score": 0.5729970512579208,
    "macro_recall_at": 0.5428194993412384,
    "macro_recall_isAt": 0.6031746031746031,
    "at_details": {
      "recall_TRUE": 0.45454545454545453,
      "recall_PROBABLE": 1.0,
      "recall_FALSE": 0.17391304347826086,
      "macro_recall": 0.5428194993412384
    },
    "isAt_details": {
      "recall_TRUE": 0.42857142857142855,
      "recall_FALSE": 0.7777777777777778,
      "macro_recall": 0.6031746031746031
    }
  },
  "at_classification_report": {
    "TRUE": {
      "precision": 0.8333333333333334,
      "recall": 0.45454545454545453,
      "f1-score": 0.5882352941176471,
      "support": 22
    },
    "PROBABLE": {
      "precision": 0.16129032258064516,
      "recall": 1.0,
      "f1-score": 0.27777777777777773,
      "support": 5
    },
    "FALSE": {
      "precision": 0.5714285714285714,
      "recall": 0.17391304347826086,
      "f1-score": 0.26666666666666666,
      "support": 23
    },
    "macro avg": {
      "precision": 0.5220174091141833,
      "recall": 0.5428194993412384,
      "f1-score": 0.3775599128540305,
      "support": 50
    },
    "weighted avg": {
      "precision": 0.645652841781874,
      "recall": 0.38,
      "f1-score": 0.40926797385620917,
      "support": 50
    }
  },
  "isAt_classification_report": {
    "TRUE": {
      "precision": 0.42857142857142855,
      "recall": 0.42857142857142855,
      "f1-score": 0.42857142857142855,
      "support": 14
    },
    "FALSE": {
      "precision": 0.7777777777777778,
      "recall": 0.7777777777777778,
      "f1-score": 0.7777777777777778,
      "support": 36
    },
    "macro avg": {
      "precision": 0.6031746031746031,
      "recall": 0.6031746031746031,
      "f1-score": 0.6031746031746031,
      "support": 50
    },
    "weighted avg": {
      "precision": 0.68,
      "recall": 0.68,
      "f1-score": 0.68,
      "support": 50
    }
  },
  "at_confusion_matrix": [
    [
      10,
      9,
      3
    ],
    [
      0,
      5,
      0
    ],
    [
      2,
      17,
      4
    ]
  ],
  "isAt_confusion_matrix": [
    [
      6,
      8
    ],
    [
      8,
      28
    ]
  ],
  "at_labels": [
    "TRUE",
    "PROBABLE",
    "FALSE"
  ],
  "isAt_labels": [
    "TRUE",
    "FALSE"
  ],
  "metadata": {
    "n_instances": 50,
    "total_time_seconds": 275.17268780013546,
    "avg_latency_ms": 5503.453756002709,
    "predictor_config": {
      "variant": "R",
      "provider": "deepinfra",
      "model": "meta-llama/Meta-Llama-3.1-8B-Instruct",
      "temperature": 0.0,
      "k_retrieved": 1,
      "diversify_retrieved_labels": false,
      "retriever_dir": "runs/retriever_at_bgem3",
      "retriever_prefer_language": "auto",
      "include_wikidata": false,
      "include_temporal": false
    },
    "data_split": {
      "task": "at",
      "n_test": 50,
      "limit": 50
    },
    "predictor_stats": {
      "n_calls": 50,
      "parse_ok": 49,
      "parse_partial": 1,
      "parse_fail": 0,
      "prompt_tokens": 58209,
      "completion_tokens": 10116,
      "model": "meta-llama/Meta-Llama-3.1-8B-Instruct",
      "provider": "deepinfra",
      "variant": "R",
      "k_retrieved": 1,
      "avg_retrieved_per_call": 1.0
    }
  }
}